3-ohneKopplungeinzel;3-ohneKopplungeinzel;3-ohneKopplungeinzel;3-ohneKopplungeinzel
Zeit (s);Position (cm);Geschwindigkeit (m/s);Beschleunigung (m/sÂ²)
0;56.16;;
0.02;55.89;-0.14;
0.04;55.6;-0.15;-0.53
0.06;55.29;-0.16;-0.65
0.08;54.95;-0.18;-0.55
0.1;54.59;-0.18;-0.42
0.12;54.21;-0.19;-0.54
0.14;53.82;-0.21;-0.55
0.16;53.39;-0.21;-0.43
0.18;52.96;-0.22;-0.44
0.2;52.5;-0.23;-0.32
0.22;52.03;-0.24;-0.32
0.24;51.55;-0.24;-0.33
0.26;51.05;-0.25;-0.21
0.28;50.55;-0.25;-0.32
0.3;50.04;-0.26;-0.34
0.32;49.51;-0.27;-0.11
0.34;48.97;-0.27;-0.1
0.36;48.44;-0.27;-0.22
0.38;47.89;-0.28;-0.12
0.4;47.34;-0.28;8.33E-15
0.42;46.79;-0.28;6.11E-14
0.44;46.24;-0.28;2.64E-14
0.46;45.69;-0.28;-6.94E-14
0.48;45.13;-0.28;-0.01
0.5;44.58;-0.28;0.1
0.52;44.03;-0.27;0.22
0.54;43.5;-0.27;0.22
0.56;42.96;-0.26;0.21
0.58;42.45;-0.26;0.32
0.6;41.93;-0.25;0.33
0.62;41.45;-0.25;0.2
0.64;40.95;-0.24;0.43
0.66;40.48;-0.23;0.44
0.68;40.03;-0.22;0.31
0.7;39.58;-0.22;0.54
0.72;39.17;-0.2;0.44
0.74;38.77;-0.2;0.31
0.76;38.38;-0.19;0.64
0.78;38.01;-0.17;0.77
0.8;37.68;-0.16;0.54
0.82;37.37;-0.15;0.42
0.84;37.08;-0.14;0.53
0.86;36.8;-0.13;0.76
0.88;36.56;-0.11;0.66
0.9;36.35;-0.1;0.41
0.92;36.15;-0.1;0.75
0.94;35.97;-0.07;0.88
0.96;35.85;-0.06;0.53
0.98;35.73;-0.05;0.63
1;35.64;-0.04;0.87
1.02;35.59;-0.02;0.76
1.04;35.57;0;0.65
1.06;35.57;0.01;0.64
1.08;35.6;0.02;0.75
1.1;35.65;0.04;0.76
1.12;35.75;0.05;0.53
1.14;35.85;0.06;0.63
1.16;35.99;0.08;0.87
1.18;36.16;0.09;0.65
1.2;36.37;0.1;0.53
1.22;36.57;0.12;0.76
1.24;36.83;0.13;0.65
1.26;37.1;0.14;0.53
1.28;37.39;0.15;0.65
1.3;37.72;0.17;0.54
1.32;38.06;0.18;0.43
1.34;38.42;0.18;0.42
1.36;38.8;0.19;0.54
1.38;39.19;0.21;0.55
1.4;39.62;0.21;0.32
1.42;40.05;0.22;0.42
1.44;40.49;0.23;0.55
1.46;40.98;0.24;0.32
1.48;41.46;0.24;0.32
1.5;41.95;0.25;0.33
1.52;42.47;0.26;0.21
1.54;42.98;0.26;0.22
1.56;43.52;0.27;0.11
1.58;44.05;0.27;0.1
1.6;44.58;0.27;0.22
1.62;45.13;0.27;0.11
1.64;45.68;0.27;0.11
1.66;46.23;0.28;0.13
1.68;46.8;0.28;-0.21
1.7;47.35;0.27;-0.23
1.72;47.88;0.27;0.01
1.74;48.43;0.27;-0.1
1.76;48.96;0.27;-0.21
1.78;49.5;0.26;-0.21
1.8;50.01;0.26;-0.21
1.82;50.53;0.25;-0.21
1.84;51.03;0.25;-0.21
1.86;51.53;0.25;-0.31
1.88;52.01;0.24;-0.43
1.9;52.48;0.23;-0.43
1.92;52.93;0.22;-0.43
1.94;53.36;0.21;-0.43
1.96;53.77;0.2;-0.43
1.98;54.17;0.19;-0.42
2;54.55;0.19;-0.53
2.02;54.91;0.17;-0.65
2.04;55.24;0.16;-0.54
2.06;55.55;0.15;-0.53
2.08;55.84;0.14;-0.65
2.1;56.1;0.13;-0.54
2.12;56.35;0.12;-0.52
2.14;56.57;0.1;-0.75
2.16;56.76;0.09;-0.76
2.18;56.92;0.07;-0.64
2.2;57.06;0.06;-0.64
2.22;57.17;0.05;-0.64
2.24;57.25;0.04;-0.75
2.26;57.31;0.02;-0.76
2.28;57.33;0.01;-0.64
2.3;57.33;-0.01;-0.65
2.32;57.3;-0.02;-0.64
2.34;57.25;-0.03;-0.75
2.36;57.17;-0.05;-0.76
2.38;57.05;-0.06;-0.64
2.4;56.91;-0.08;-0.76
2.42;56.74;-0.09;-0.65
2.44;56.54;-0.1;-0.53
2.46;56.33;-0.12;-0.65
2.48;56.08;-0.13;-0.65
2.5;55.82;-0.14;-0.65
2.52;55.51;-0.15;-0.54
2.54;55.21;-0.16;-0.54
2.56;54.86;-0.18;-0.55
2.58;54.5;-0.18;-0.43
2.6;54.13;-0.19;-0.42
2.62;53.73;-0.2;-0.54
2.64;53.32;-0.21;-0.56
2.66;52.87;-0.22;-0.32
2.68;52.43;-0.23;-0.32
2.7;51.96;-0.24;-0.33
2.72;51.48;-0.24;-0.21
2.74;51;-0.24;-0.32
2.76;50.5;-0.25;-0.45
2.78;49.99;-0.26;-0.22
2.8;49.45;-0.26;-0.1
2.82;48.94;-0.27;-0.22
2.84;48.39;-0.27;-0.11
2.86;47.85;-0.27;-0.11
2.88;47.3;-0.28;-0.12
2.9;46.75;-0.28;-0.01
2.92;46.2;-0.28;0.11
2.94;45.65;-0.27;0.11
2.96;45.12;-0.27;-0.01
2.98;44.57;-0.27;0.11
3;44.03;-0.27;0.11
3.02;43.5;-0.27;0.09
3.04;42.96;-0.26;0.32
3.06;42.45;-0.25;0.33
3.08;41.95;-0.25;0.21
3.1;41.45;-0.25;0.32
3.12;40.96;-0.24;0.43
3.14;40.5;-0.23;0.44
3.16;40.05;-0.22;0.32
3.18;39.62;-0.22;0.31
3.2;39.19;-0.21;0.54
3.22;38.79;-0.19;0.54
3.24;38.41;-0.19;0.54
3.26;38.05;-0.17;0.54
3.28;37.72;-0.16;0.42
3.3;37.39;-0.16;0.64
3.32;37.1;-0.14;0.76
3.34;36.84;-0.13;0.53
3.36;36.6;-0.12;0.64
3.38;36.37;-0.1;0.76
3.4;36.2;-0.09;0.53
3.42;36.02;-0.08;0.64
3.44;35.88;-0.06;0.76
3.46;35.78;-0.05;0.53
3.48;35.69;-0.04;0.63
3.5;35.62;-0.02;0.87
3.52;35.6;0;0.75
3.54;35.6;0.01;0.75
3.56;35.63;0.03;0.76
3.58;35.7;0.04;0.64
3.6;35.79;0.05;0.64
3.62;35.91;0.06;0.64
3.64;36.04;0.08;0.64
3.66;36.21;0.09;0.64
3.68;36.4;0.1;0.76
3.7;36.62;0.12;0.65
3.72;36.88;0.13;0.53
3.74;37.14;0.14;0.65
3.76;37.44;0.15;0.53
3.78;37.75;0.16;0.64
3.8;38.09;0.18;0.66
3.82;38.47;0.19;0.43
3.84;38.85;0.2;0.44
3.86;39.26;0.21;0.32
3.88;39.67;0.21;0.42
3.9;40.1;0.22;0.54
3.92;40.56;0.23;0.44
3.94;41.03;0.24;0.33
3.96;41.53;0.24;0.09
3.98;42.01;0.24;0.31
4;42.5;0.26;0.56
4.02;43.04;0.27;0.22
4.04;43.57;0.27;0.11
4.06;44.1;0.27;0.11
4.08;44.65;0.27;-0.01
4.1;45.18;0.27;0.11
4.12;45.73;0.27;0.11
4.14;46.28;0.27;1.53E-13
4.16;46.83;0.27;0.01
4.18;47.38;0.28;-0.1
4.2;47.93;0.27;-0.22
4.22;48.47;0.27;-0.11
4.24;49;0.27;-0.1
4.26;49.53;0.26;-0.21
4.28;50.05;0.26;-0.21
4.3;50.57;0.25;-0.32
4.32;51.07;0.25;-0.32
4.34;51.55;0.24;-0.31
4.36;52.03;0.23;-0.44
4.38;52.48;0.22;-0.32
4.4;52.93;0.22;-0.31
4.42;53.36;0.21;-0.43
4.44;53.77;0.2;-0.42
4.46;54.17;0.19;-0.54
4.48;54.55;0.18;-0.54
4.5;54.89;0.17;-0.53
4.52;55.24;0.16;-0.65
4.54;55.53;0.15;-0.54
4.56;55.83;0.14;-0.53
4.58;56.09;0.13;-0.64
4.6;56.33;0.11;-0.64
4.62;56.54;0.1;-0.64
4.64;56.73;0.09;-0.64
4.66;56.89;0.07;-0.64
4.68;57.03;0.06;-0.64
4.7;57.13;0.05;-0.75
4.72;57.22;0.03;-0.76
4.74;57.26;0.02;-0.64
4.76;57.29;0.01;-0.76
4.78;57.28;-0.01;-0.65
4.8;57.25;-0.02;-0.64
4.82;57.2;-0.04;-0.77
4.84;57.1;-0.05;-0.52
4.86;56.99;-0.06;-0.74
4.88;56.86;-0.08;-0.89
4.9;56.67;-0.09;-0.54
4.92;56.49;-0.1;-0.53
4.94;56.26;-0.12;-0.65
4.96;56.03;-0.13;-0.65
4.98;55.75;-0.14;-0.65
5;55.46;-0.15;-0.55
5.02;55.13;-0.16;-0.42
5.04;54.81;-0.17;-0.53
5.06;54.45;-0.18;-0.65
5.08;54.07;-0.2;-0.55
5.1;53.66;-0.21;-0.43
5.12;53.25;-0.21;-0.44
5.14;52.8;-0.22;-0.32
5.16;52.36;-0.23;-0.32
5.18;51.89;-0.24;-0.32
5.2;51.41;-0.24;-0.32
5.22;50.93;-0.25;-0.33
5.24;50.42;-0.25;-0.21
5.26;49.92;-0.26;-0.33
5.28;49.39;-0.27;-0.23
5.3;48.85;-0.27;0.01
5.32;48.32;-0.27;-0.1
5.34;47.79;-0.27;-0.22
5.36;47.23;-0.28;-0.12
5.38;46.68;-0.28;-1.19E-13
5.4;46.13;-0.28;-0.01
5.42;45.58;-0.28;0.1
5.44;45.03;-0.27;0.22
5.46;44.5;-0.27;0.11
5.48;43.96;-0.27;-0.01
5.5;43.43;-0.27;0.2
5.52;42.89;-0.26;0.44
5.54;42.39;-0.25;0.22
5.56;41.9;-0.25;0.09
5.58;41.39;-0.25;0.32
5.6;40.91;-0.24;0.43
5.62;40.45;-0.23;0.43
5.64;40;-0.22;0.43
5.66;39.57;-0.21;0.42
5.68;39.15;-0.2;0.54
5.7;38.75;-0.19;0.54
5.72;38.39;-0.18;0.42
5.74;38.03;-0.17;0.54
5.76;37.7;-0.16;0.54
5.78;37.39;-0.15;0.53
5.8;37.1;-0.14;0.65
5.82;36.84;-0.13;0.65
5.84;36.6;-0.11;0.65
5.86;36.39;-0.1;0.64
5.88;36.2;-0.09;0.76
5.9;36.04;-0.07;0.65
5.92;35.92;-0.06;0.53
5.94;35.8;-0.05;0.75
5.96;35.73;-0.03;0.76
5.98;35.67;-0.02;0.65
6;35.66;0;0.64
6.02;35.65;0.01;0.75
6.04;35.69;0.02;0.87
6.06;35.75;0.04;0.65
6.08;35.86;0.05;0.53
6.1;35.96;0.06;0.75
6.12;36.11;0.08;0.76
6.14;36.28;0.09;0.65
6.16;36.49;0.11;0.54
6.18;36.71;0.12;0.53
6.2;36.95;0.13;0.76
6.22;37.22;0.15;0.66
6.24;37.53;0.15;0.42
6.26;37.84;0.16;0.64
6.28;38.18;0.18;0.66
6.3;38.56;0.19;0.43
6.32;38.93;0.2;0.43
6.34;39.35;0.21;0.42
6.36;39.76;0.21;0.54
6.38;40.2;0.23;0.44
6.4;40.67;0.23;0.21
6.42;41.13;0.24;0.32
6.44;41.61;0.24;0.33
6.46;42.11;0.25;0.21
6.48;42.61;0.25;0.32
6.5;43.12;0.26;0.34
6.52;43.65;0.27;0.11
6.54;44.19;0.27;0.1
6.56;44.72;0.27;0.22
6.58;45.27;0.27;0.11
6.6;45.82;0.27;0.01
6.62;46.37;0.28;-0.11
6.64;46.92;0.27;-0.11
6.66;47.45;0.27;0.01
6.68;48;0.27;-0.1
6.7;48.54;0.27;-0.21
6.72;49.07;0.26;-0.22
6.74;49.58;0.26;-0.11
6.76;50.1;0.26;-0.09
6.78;50.62;0.25;-0.31
6.8;51.12;0.25;-0.44
6.82;51.6;0.24;-0.32
6.84;52.06;0.23;-0.31
6.86;52.53;0.22;-0.44
6.88;52.96;0.22;-0.31
6.9;53.39;0.21;-0.42
6.92;53.81;0.2;-0.54
6.94;54.18;0.19;-0.42
6.96;54.57;0.18;-0.53
6.98;54.91;0.17;-0.65
7;55.24;0.16;-0.54
7.02;55.53;0.15;-0.53
7.04;55.83;0.13;-0.65
7.06;56.07;0.12;-0.53
7.08;56.31;0.11;-0.64
7.1;56.52;0.1;-0.76
7.12;56.7;0.08;-0.64
7.14;56.85;0.07;-0.64
7.16;56.98;0.06;-0.64
7.18;57.08;0.04;-0.64
7.2;57.15;0.03;-0.64
7.22;57.21;0.02;-0.75
7.24;57.23;0;-0.76
7.26;57.21;-0.01;-0.65
7.28;57.18;-0.02;-0.65
7.3;57.11;-0.04;-0.64
7.32;57.03;-0.05;-0.75
7.34;56.91;-0.07;-0.77
7.36;56.76;-0.08;-0.53
7.38;56.59;-0.09;-0.64
7.4;56.4;-0.11;-0.77
7.42;56.16;-0.12;-0.54
7.44;55.92;-0.13;-0.53
7.46;55.65;-0.14;-0.65
7.48;55.36;-0.15;-0.65
7.5;55.03;-0.17;-0.55
7.52;54.69;-0.18;-0.43
7.54;54.33;-0.18;-0.42
7.56;53.95;-0.19;-0.54
7.58;53.56;-0.21;-0.56
7.6;53.13;-0.21;-0.32
7.62;52.7;-0.22;-0.31
7.64;52.25;-0.23;-0.44
7.66;51.79;-0.24;-0.32
7.68;51.31;-0.24;-0.32
7.7;50.83;-0.25;-0.34
7.72;50.31;-0.25;-0.1
7.74;49.81;-0.25;-0.21
7.76;49.3;-0.26;-0.34
7.78;48.77;-0.27;-0.11
7.8;48.23;-0.27;-0.11
7.82;47.7;-0.27;-0.12
7.84;47.15;-0.27;0.01
7.86;46.61;-0.27;-0.11
7.88;46.06;-0.28;-0.01
7.9;45.51;-0.27;0.22
7.92;44.98;-0.27;0.11
7.94;44.44;-0.27;-0.01
7.96;43.91;-0.27;0.1
7.98;43.38;-0.26;0.21
8;42.86;-0.26;0.32
8.02;42.34;-0.25;0.33
8.04;41.86;-0.25;0.21
8.06;41.36;-0.24;0.32
8.08;40.89;-0.23;0.43
8.1;40.43;-0.22;0.44
8.12;40;-0.22;0.32
8.14;39.57;-0.21;0.42
8.16;39.15;-0.2;0.54
8.18;38.77;-0.19;0.42
8.2;38.39;-0.18;0.54
8.22;38.05;-0.17;0.54
8.24;37.72;-0.16;0.53
8.26;37.41;-0.15;0.65
8.28;37.13;-0.13;0.65
8.3;36.87;-0.12;0.65
8.32;36.65;-0.11;0.54
8.34;36.44;-0.1;0.53
8.36;36.25;-0.09;0.75
8.38;36.09;-0.07;0.76
8.4;35.97;-0.06;0.65
8.42;35.87;-0.04;0.64
8.44;35.8;-0.03;0.75
8.46;35.74;-0.01;0.76
8.48;35.74;-0.00067;0.64
8.5;35.74;0.01;0.76
8.52;35.79;0.03;0.65
8.54;35.86;0.04;0.53
8.56;35.94;0.05;0.75
8.58;36.06;0.07;0.76
8.6;36.21;0.08;0.64
8.62;36.38;0.09;0.64
8.64;36.59;0.11;0.64
8.66;36.81;0.12;0.64
8.68;37.07;0.13;0.65
8.7;37.34;0.15;0.54
8.72;37.65;0.15;0.42
8.74;37.96;0.16;0.64
8.76;38.3;0.18;0.66
8.78;38.68;0.19;0.32
8.8;39.06;0.19;0.42
8.82;39.45;0.21;0.66
8.84;39.88;0.22;0.44
8.86;40.32;0.22;0.21
8.88;40.77;0.23;0.32
8.9;41.23;0.24;0.44
8.92;41.71;0.24;0.33
8.94;42.21;0.25;0.21
8.96;42.71;0.25;0.33
8.98;43.22;0.26;0.23
9;43.76;0.26;-0.01
9.02;44.27;0.26;0.21
9.04;44.8;0.27;0.23
9.06;45.36;0.27;-2.66E-13
9.08;45.89;0.27;2.66E-13
9.1;46.44;0.27;3.01E-13
9.12;46.97;0.27;0.01
9.14;47.52;0.27;-0.1
9.16;48.05;0.27;-0.21
9.18;48.59;0.26;-0.22
9.2;49.1;0.26;-0.11
9.22;49.62;0.26;-0.1
9.24;50.14;0.25;-0.21
9.26;50.63;0.25;-0.31
9.28;51.14;0.24;-0.45
9.3;51.6;0.23;-0.21
9.32;52.06;0.23;-0.19
9.34;52.53;0.22;-0.54
9.36;52.96;0.21;-0.44
9.38;53.37;0.21;-0.31
9.4;53.79;0.2;-0.54
9.42;54.17;0.19;-0.55
9.44;54.53;0.18;-0.42
9.46;54.88;0.17;-0.53
9.48;55.21;0.16;-0.65
9.5;55.5;0.14;-0.53
9.52;55.78;0.13;-0.64
9.54;56.04;0.12;-0.77
9.56;56.24;0.1;-0.54
9.58;56.45;0.1;-0.53
9.6;56.63;0.08;-0.64
9.62;56.78;0.07;-0.64
9.64;56.91;0.06;-0.64
9.66;57.01;0.04;-0.75
9.68;57.08;0.03;-0.76
9.7;57.12;0.01;-0.64
9.72;57.14;0;-0.65
9.74;57.12;-0.01;-0.64
9.76;57.09;-0.02;-0.75
9.78;57.03;-0.04;-0.77
9.8;56.92;-0.06;-0.54
9.82;56.81;-0.06;-0.52
9.84;56.67;-0.08;-0.75
9.86;56.5;-0.09;-0.76
9.88;56.3;-0.11;-0.65
9.9;56.08;-0.12;-0.65
9.92;55.82;-0.13;-0.55
9.94;55.55;-0.14;-0.42
9.96;55.25;-0.15;-0.53
9.98;54.95;-0.16;-0.65
10;54.6;-0.18;-0.65
10.02;54.25;-0.19;-0.56
10.04;53.85;-0.2;-0.32
10.06;53.46;-0.2;-0.31
10.08;53.04;-0.21;-0.43
10.1;52.61;-0.22;-0.43
10.12;52.17;-0.23;-0.44
10.14;51.7;-0.24;-0.33
10.16;51.22;-0.24;-0.21
10.18;50.74;-0.24;-0.32
10.2;50.24;-0.25;-0.34
10.22;49.73;-0.26;-0.11
10.24;49.21;-0.26;-0.1
10.26;48.7;-0.26;-0.22
10.28;48.16;-0.27;-0.11
10.3;47.63;-0.27;-0.11
10.32;47.1;-0.27;-0.12
10.34;46.54;-0.27;0.11
10.36;46.01;-0.27;0.01
10.38;45.48;-0.27;-0.13
10.4;44.93;-0.27;0.21
10.42;44.39;-0.26;0.34
10.44;43.88;-0.26;0.11
10.46;43.36;-0.26;-0.01
10.48;42.84;-0.26;0.2
10.5;42.32;-0.25;0.44
10.52;41.84;-0.24;0.32
10.54;41.36;-0.24;0.32
10.56;40.89;-0.23;0.32
10.58;40.45;-0.22;0.31
10.6;40;-0.22;0.54
10.62;39.58;-0.2;0.44
10.64;39.19;-0.2;0.31
10.66;38.79;-0.19;0.53
10.68;38.43;-0.18;0.65
10.7;38.08;-0.16;0.54
10.72;37.77;-0.16;0.42
10.74;37.46;-0.15;0.53
10.76;37.18;-0.13;0.65
10.78;36.92;-0.12;0.65
10.8;36.7;-0.11;0.64
10.82;36.49;-0.1;0.76
10.84;36.32;-0.08;0.65
10.86;36.18;-0.07;0.53
10.88;36.04;-0.06;0.76
10.9;35.95;-0.04;0.65
10.92;35.88;-0.03;0.53
10.94;35.83;-0.02;0.75
10.96;35.81;-0.000896;0.87
10.98;35.82;0.02;0.76
11;35.88;0.03;0.54
11.02;35.94;0.04;0.53
11.04;36.03;0.05;0.75
11.06;36.15;0.07;0.76
11.08;36.3;0.08;0.64
11.1;36.47;0.09;0.65
11.12;36.68;0.11;0.53
11.14;36.9;0.12;0.64
11.16;37.14;0.13;0.76
11.18;37.43;0.15;0.54
11.2;37.72;0.15;0.54
11.22;38.04;0.17;0.54
11.24;38.39;0.18;0.43
11.26;38.75;0.18;0.42
11.28;39.12;0.19;0.54
11.3;39.52;0.21;0.55
11.32;39.95;0.21;0.32
11.34;40.38;0.22;0.42
11.36;40.82;0.23;0.56
11.38;41.3;0.24;0.22
11.4;41.78;0.24;0.09
11.42;42.26;0.24;0.32
11.44;42.76;0.25;0.44
11.46;43.28;0.26;0.23
11.48;43.81;0.26;-0.01
11.5;44.32;0.26;0.1
11.52;44.86;0.27;0.22
11.54;45.39;0.27;0.11
11.56;45.94;0.27;3.01E-13
11.58;46.47;0.27;0.01
11.6;47.02;0.27;-0.11
11.62;47.56;0.27;-0.11
11.64;48.09;0.27;-0.1
11.66;48.62;0.26;-0.22
11.68;49.14;0.26;-0.1
11.7;49.65;0.26;-0.21
11.72;50.17;0.25;-0.33
11.74;50.65;0.25;-0.21
11.76;51.15;0.24;-0.32
11.78;51.62;0.23;-0.32
11.8;52.08;0.23;-0.31
11.82;52.53;0.22;-0.43
11.84;52.96;0.21;-0.44
11.86;53.38;0.2;-0.32
11.88;53.77;0.2;-0.3
11.9;54.17;0.19;-0.64
11.92;54.53;0.17;-0.66
11.94;54.86;0.16;-0.42
11.96;55.19;0.16;-0.53
11.98;55.48;0.14;-0.64
12;55.76;0.13;-0.64
12.02;56;0.12;-0.64
12.04;56.23;0.1;-0.65
12.06;56.42;0.09;-0.54
12.08;56.59;0.08;-0.52
12.1;56.75;0.07;-0.75
12.12;56.87;0.05;-0.76
12.14;56.96;0.04;-0.64
12.16;57.03;0.03;-0.64
12.18;57.07;0.01;-0.64
12.2;57.09;0;-0.65
12.22;57.07;-0.01;-0.64
12.24;57.04;-0.02;-0.75
12.26;56.97;-0.04;-0.76
12.28;56.87;-0.05;-0.65
12.3;56.76;-0.07;-0.65
12.32;56.6;-0.08;-0.65
12.34;56.43;-0.09;-0.65
12.36;56.23;-0.11;-0.54
12.38;56.01;-0.12;-0.52
12.4;55.77;-0.13;-0.76
12.42;55.49;-0.15;-0.66
12.44;55.19;-0.15;-0.42
12.46;54.88;-0.16;-0.54
12.48;54.54;-0.18;-0.55
12.5;54.18;-0.18;-0.43
12.52;53.8;-0.19;-0.42
12.54;53.4;-0.2;-0.55
12.56;52.99;-0.21;-0.45
12.58;52.54;-0.22;-0.2
12.6;52.12;-0.22;-0.43
12.62;51.65;-0.24;-0.45
12.64;51.17;-0.24;-0.22
12.66;50.69;-0.24;-0.22
12.68;50.19;-0.25;-0.21
12.7;49.69;-0.25;-0.33
12.72;49.18;-0.26;-0.23
12.74;48.64;-0.26;0.01
12.76;48.13;-0.26;-0.1
12.78;47.59;-0.27;-0.22
12.8;47.06;-0.27;-0.12
12.82;46.51;-0.27;0.11
12.84;45.98;-0.27;0.11
12.86;45.44;-0.27;4E-13
12.88;44.91;-0.27;-0.01
12.9;44.38;-0.27;0.1
12.92;43.84;-0.26;0.22
12.94;43.32;-0.26;0.21
12.96;42.81;-0.25;0.32
12.98;42.31;-0.25;0.33
13;41.83;-0.24;0.21
13.02;41.34;-0.24;0.32
13.04;40.88;-0.23;0.44
13.06;40.43;-0.22;0.32
13.08;40;-0.22;0.31
13.1;39.57;-0.21;0.54
13.12;39.17;-0.19;0.54
13.14;38.79;-0.19;0.42
13.16;38.43;-0.18;0.54
13.18;38.08;-0.16;0.54
13.2;37.77;-0.16;0.42
13.22;37.46;-0.15;0.64
13.24;37.18;-0.13;0.76
13.26;36.94;-0.12;0.54
13.28;36.72;-0.11;0.53
13.3;36.51;-0.1;0.65
13.32;36.33;-0.08;0.64
13.34;36.18;-0.07;0.75
13.36;36.06;-0.05;0.76
13.38;35.97;-0.04;0.65
13.4;35.9;-0.03;0.65
13.42;35.86;-0.01;0.64
13.44;35.84;-0.000897;0.75
13.46;35.86;0.02;0.76
13.48;35.91;0.03;0.53
13.5;35.98;0.04;0.63
13.52;36.06;0.05;0.87
13.54;36.2;0.07;0.65
13.56;36.35;0.08;0.53
13.58;36.52;0.09;0.76
13.6;36.73;0.11;0.66
13.62;36.97;0.12;0.42
13.64;37.21;0.13;0.64
13.66;37.48;0.15;0.76
13.68;37.79;0.16;0.54
13.7;38.11;0.17;0.43
13.72;38.46;0.18;0.42
13.74;38.82;0.18;0.54
13.76;39.19;0.2;0.54
13.78;39.61;0.21;0.43
13.8;40.02;0.21;0.44
13.82;40.46;0.22;0.32
13.84;40.91;0.23;0.32
13.86;41.37;0.24;0.44
13.88;41.85;0.24;0.33
13.9;42.35;0.25;0.21
13.92;42.85;0.25;0.21
13.94;43.36;0.26;0.22
13.96;43.88;0.26;0.11
13.98;44.41;0.26;0.1
14;44.92;0.27;0.23
14.02;45.48;0.27;0.01
14.04;46.01;0.27;-0.11
14.06;46.54;0.27;2.96E-13
14.08;47.07;0.27;0
14.1;47.61;0.27;0.01
14.12;48.14;0.27;-0.1
14.14;48.67;0.26;-0.21
14.16;49.19;0.26;-0.21
14.18;49.71;0.25;-0.21
14.2;50.2;0.25;-0.21
14.22;50.7;0.25;-0.32
14.24;51.19;0.24;-0.33
14.26;51.65;0.23;-0.21
14.28;52.12;0.23;-0.31
14.3;52.56;0.22;-0.43
14.32;53;0.21;-0.42
14.34;53.41;0.2;-0.54
14.36;53.81;0.19;-0.55
14.38;54.17;0.18;-0.31
14.4;54.53;0.18;-0.41
14.42;54.88;0.16;-0.64
14.44;55.19;0.15;-0.65
14.46;55.48;0.14;-0.54
14.48;55.74;0.13;-0.53
14.5;56;0.12;-0.65
14.52;56.21;0.1;-0.53
14.54;56.42;0.1;-0.64
14.56;56.59;0.08;-0.76
14.58;56.73;0.07;-0.64
14.6;56.86;0.05;-0.75
14.62;56.94;0.04;-0.77
14.64;57;0.02;-0.54
14.66;57.03;0.01;-0.52
14.68;57.05;0;-0.75
14.7;57.04;-0.02;-0.76
14.72;56.99;-0.03;-0.64
14.74;56.92;-0.04;-0.76
14.76;56.82;-0.06;-0.65
14.78;56.69;-0.07;-0.53
14.8;56.55;-0.08;-0.65
14.82;56.36;-0.09;-0.65
14.84;56.18;-0.11;-0.65
14.86;55.94;-0.12;-0.53
14.88;55.7;-0.13;-0.64
14.9;55.43;-0.15;-0.77
14.92;55.12;-0.16;-0.55
14.94;54.79;-0.17;-0.43
14.96;54.45;-0.18;-0.43
14.98;54.09;-0.18;-0.42
15;53.71;-0.19;-0.54
15.02;53.32;-0.21;-0.56
15.04;52.89;-0.21;-0.32
15.06;52.46;-0.22;-0.31
15.08;52.01;-0.23;-0.44
15.1;51.55;-0.24;-0.33
15.12;51.07;-0.24;-0.22
15.14;50.59;-0.24;-0.22
15.16;50.09;-0.25;-0.22
15.18;49.59;-0.25;-0.22
15.2;49.07;-0.26;-0.22
15.22;48.56;-0.26;-0.22
15.24;48.03;-0.27;-0.12
15.26;47.49;-0.27;0
15.28;46.96;-0.27;3.3E-13
15.3;46.42;-0.27;0.01
15.32;45.89;-0.27;-0.11
15.34;45.36;-0.27;-0.02
15.36;44.81;-0.27;0.36
15.38;44.29;-0.26;-0.23
15.4;43.78;-0.28;-0.05
15.42;43.18;-0.26;0.77
15.44;42.74;-0.25;0.43
15.46;42.2;-0.24;0.45
15.48;41.77;-0.23;0.11
15.5;41.29;-0.24;0.09
15.52;40.82;-0.22;0.44
15.54;40.39;-0.22;0.2
15.56;39.95;-0.22;0.53
15.58;39.53;-0.2;0.66
15.6;39.15;-0.19;0.32
15.62;38.77;-0.19;0.31
15.64;38.41;-0.18;0.53
15.66;38.06;-0.16;0.65
15.68;37.75;-0.15;0.65
15.7;37.46;-0.14;0.54
15.72;37.2;-0.13;0.53
15.74;36.94;-0.12;0.65
15.76;36.73;-0.1;0.65
15.78;36.52;-0.09;0.65
15.8;36.37;-0.08;0.53
15.82;36.21;-0.07;0.63
15.84;36.09;-0.05;0.87
15.86;36;-0.04;0.76
15.88;35.95;-0.02;0.65
15.9;35.91;-0.01;0.65
15.92;35.91;0;0.64
15.94;35.93;0.02;0.64
15.96;35.98;0.03;0.64
15.98;36.05;0.04;0.76
16;36.15;0.06;0.65
16.02;36.28;0.07;0.53
16.04;36.42;0.08;0.75
16.06;36.61;0.1;0.76
16.08;36.81;0.11;0.65
16.1;37.05;0.12;0.54
16.12;37.31;0.13;0.53
16.14;37.58;0.15;0.65
16.16;37.89;0.16;0.54
16.18;38.22;0.17;0.42
16.2;38.56;0.18;0.54
16.22;38.92;0.19;0.55
16.24;39.31;0.2;0.32
16.26;39.71;0.2;0.42
16.28;40.12;0.21;0.66
16.3;40.56;0.23;0.45
16.32;41.03;0.23;0.1
16.34;41.49;0.23;0.2
16.36;41.95;0.24;0.44
16.38;42.45;0.25;0.33
16.4;42.95;0.25;0.22
16.42;43.47;0.26;0.11
16.44;43.98;0.26;0.1
16.46;44.5;0.26;0.22
16.48;45.03;0.27;0.11
16.5;45.56;0.27;0
16.52;46.09;0.27;0
16.54;46.63;0.27;-3.47E-14
16.56;47.16;0.27;0.01
16.58;47.69;0.27;-0.1
16.6;48.23;0.26;-0.22
16.62;48.74;0.26;-0.11
16.64;49.26;0.26;-0.09
16.66;49.78;0.25;-0.32
16.68;50.27;0.25;-0.33
16.7;50.76;0.24;-0.21
16.72;51.24;0.24;-0.32
16.74;51.7;0.23;-0.32
16.76;52.15;0.22;-0.31
16.78;52.6;0.22;-0.43
16.8;53.01;0.21;-0.43
16.82;53.43;0.2;-0.43
16.84;53.81;0.19;-0.42
16.86;54.19;0.18;-0.54
16.88;54.53;0.17;-0.55
16.9;54.86;0.16;-0.42
16.92;55.17;0.15;-0.53
16.94;55.47;0.14;-0.64
16.96;55.73;0.13;-0.64
16.98;55.97;0.11;-0.65
17;56.18;0.1;-0.53
17.02;56.37;0.09;-0.64
17.04;56.54;0.07;-0.77
17.06;56.66;0.06;-0.53
17.08;56.79;0.05;-0.64
17.1;56.88;0.04;-0.76
17.12;56.93;0.02;-0.64
17.14;56.97;0.01;-0.64
17.16;56.97;0;-0.64
17.18;56.95;-0.02;-0.75
17.2;56.9;-0.03;-0.77
17.22;56.82;-0.05;-0.54
17.24;56.72;-0.05;-0.52
17.26;56.6;-0.07;-0.75
17.28;56.45;-0.08;-0.77
17.3;56.26;-0.1;-0.54
17.32;56.06;-0.11;-0.53
17.34;55.83;-0.12;-0.65
17.36;55.58;-0.13;-0.65
17.38;55.31;-0.15;-0.55
17.4;55;-0.15;-0.41
17.42;54.69;-0.16;-0.65
17.44;54.35;-0.18;-0.67
17.46;53.97;-0.19;-0.32
17.48;53.59;-0.19;-0.31
17.5;53.2;-0.2;-0.43
17.52;52.79;-0.21;-0.43
17.54;52.36;-0.22;-0.43
17.56;51.91;-0.23;-0.45
17.58;51.45;-0.24;-0.22
17.6;50.96;-0.24;-0.09
17.62;50.5;-0.24;-0.32
17.64;50;-0.25;-0.33
17.66;49.5;-0.25;-0.22
17.68;48.99;-0.26;-0.22
17.7;48.47;-0.26;-0.12
17.72;47.94;-0.26;0.01
17.74;47.42;-0.26;-0.11
17.76;46.89;-0.27;-0.12
17.78;46.36;-0.27;-5.91E-13
17.8;45.82;-0.27;-0.01
17.82;45.29;-0.27;0.1
17.84;44.75;-0.26;0.23
17.86;44.24;-0.26;-0.01
17.88;43.72;-0.26;0.08
17.9;43.19;-0.25;0.55
17.92;42.7;-0.24;0.34
17.94;42.22;-0.24;0.09
17.96;41.74;-0.24;0.32
17.98;41.27;-0.23;0.33
18;40.82;-0.22;0.2
18.02;40.38;-0.22;0.42
18.04;39.94;-0.21;0.54
18.06;39.55;-0.2;0.43
18.08;39.15;-0.19;0.43
18.1;38.79;-0.18;0.42
18.12;38.43;-0.17;0.54
18.14;38.1;-0.16;0.54
18.16;37.79;-0.15;0.53
18.18;37.49;-0.14;0.65
18.2;37.23;-0.13;0.65
18.22;36.99;-0.11;0.65
18.24;36.78;-0.1;0.65
18.26;36.59;-0.09;0.65
18.28;36.44;-0.07;0.65
18.3;36.3;-0.06;0.54
18.32;36.19;-0.05;0.53
18.34;36.09;-0.04;0.75
18.36;36.04;-0.02;0.75
18.38;36;-0.01;0.75
18.4;36;0.01;0.76
18.42;36.03;0.02;0.64
18.44;36.08;0.03;0.65
18.46;36.17;0.05;0.53
18.48;36.27;0.05;0.64
18.5;36.39;0.07;0.76
18.52;36.56;0.09;0.53
18.54;36.73;0.09;0.64
18.56;36.93;0.11;0.76
18.58;37.17;0.12;0.54
18.6;37.43;0.13;0.53
18.62;37.7;0.15;0.65
18.64;38.01;0.16;0.54
18.66;38.34;0.17;0.43
18.68;38.68;0.18;0.43
18.7;39.04;0.18;0.42
18.72;39.42;0.19;0.54
18.74;39.81;0.21;0.55
18.76;40.24;0.21;0.33
18.78;40.67;0.22;0.2
18.8;41.12;0.22;0.42
18.82;41.56;0.24;0.56
18.84;42.06;0.24;0.21
18.86;42.54;0.24;0.21
18.88;43.04;0.25;0.23
18.9;43.55;0.25;-0.01
18.92;44.05;0.25;0.21
18.94;44.57;0.26;0.34
18.96;45.1;0.27;0.01
18.98;45.63;0.26;-0.12
19;46.15;0.26;0.11
19.02;46.68;0.27;0.12
19.04;47.21;0.27;-0.1
19.06;47.75;0.26;-0.22
19.08;48.26;0.26;-0.11
19.1;48.78;0.26;-0.1
19.12;49.29;0.25;-0.21
19.14;49.79;0.25;-0.21
19.16;50.29;0.25;-0.32
19.18;50.77;0.24;-0.33
19.2;51.24;0.23;-0.21
19.22;51.7;0.23;-0.32
19.24;52.15;0.22;-0.32
19.26;52.58;0.22;-0.31
19.28;53.01;0.21;-0.54
19.3;53.41;0.19;-0.55
19.32;53.79;0.19;-0.31
19.34;54.15;0.18;-0.41
19.36;54.52;0.17;-0.65
19.38;54.83;0.16;-0.54
19.4;55.14;0.15;-0.54
19.42;55.41;0.13;-0.54
19.44;55.67;0.13;-0.53
19.46;55.92;0.11;-0.64
19.48;56.13;0.1;-0.64
19.5;56.32;0.09;-0.64
19.52;56.47;0.07;-0.64
19.54;56.61;0.06;-0.64
19.56;56.72;0.05;-0.64
19.58;56.81;0.04;-0.64
19.6;56.86;0.02;-0.64
19.62;56.9;0.01;-0.75
19.64;56.9;-0.01;-0.76
19.66;56.87;-0.02;-0.65
19.68;56.82;-0.03;-0.65
19.7;56.73;-0.05;-0.54
19.72;56.63;-0.05;-0.52
19.74;56.51;-0.07;-0.75
19.76;56.36;-0.08;-0.76
19.78;56.17;-0.1;-0.65
19.8;55.97;-0.11;-0.65
19.82;55.73;-0.12;-0.55
19.84;55.47;-0.13;-0.42
19.86;55.2;-0.14;-0.53
19.88;54.91;-0.15;-0.65
19.9;54.59;-0.17;-0.55
19.92;54.24;-0.18;-0.43
19.94;53.88;-0.18;-0.43
19.96;53.51;-0.19;-0.43
19.98;53.11;-0.2;-0.43
20;52.7;-0.21;-0.43
20.02;52.27;-0.22;-0.44
20.04;51.82;-0.23;-0.33
20.06;51.36;-0.23;-0.22
20.08;50.9;-0.24;-0.21
20.1;50.41;-0.24;-0.32
20.12;49.93;-0.25;-0.34
20.14;49.42;-0.25;-0.11
20.16;48.92;-0.25;-0.11
20.18;48.4;-0.26;-0.11
20.2;47.89;-0.26;-0.1
20.22;47.37;-0.26;-0.22
20.24;46.84;-0.27;-0.11
20.26;46.3;-0.27;-0.12
20.28;45.77;-0.27;0.09
20.3;45.22;-0.26;0.44
20.32;44.72;-0.25;0.23
20.34;44.2;-0.25;0.01
20.36;43.7;-0.25;-0.13
20.38;43.19;-0.26;0.2
20.4;42.67;-0.25;0.56
20.42;42.2;-0.24;0.21
20.44;41.72;-0.24;0.32
20.46;41.25;-0.22;0.44
20.48;40.82;-0.22;0.21
20.5;40.38;-0.22;0.32
20.52;39.96;-0.21;0.42
20.54;39.55;-0.2;0.54
20.56;39.17;-0.19;0.54
20.58;38.81;-0.18;0.43
20.6;38.46;-0.17;0.43
20.62;38.13;-0.16;0.42
20.64;37.82;-0.15;0.53
20.66;37.53;-0.14;0.76
20.68;37.27;-0.12;0.65
20.7;37.04;-0.11;0.53
20.72;36.82;-0.1;0.65
20.74;36.65;-0.09;0.53
20.76;36.47;-0.08;0.64
20.78;36.33;-0.06;0.76
20.8;36.23;-0.05;0.65
20.82;36.14;-0.04;0.65
20.84;36.09;-0.02;0.64
20.86;36.05;-0.01;0.75
20.88;36.05;0.01;0.76
20.9;36.08;0.02;0.64
20.92;36.13;0.03;0.65
20.94;36.22;0.05;0.53
20.96;36.32;0.05;0.64
20.98;36.44;0.07;0.76
21;36.61;0.09;0.64
21.02;36.78;0.1;0.65
21.04;37;0.11;0.53
21.06;37.22;0.12;0.64
21.08;37.48;0.14;0.66
21.1;37.77;0.15;0.42
21.12;38.06;0.15;0.54
21.14;38.39;0.17;0.54
21.16;38.73;0.18;0.54
21.18;39.09;0.19;0.54
21.2;39.49;0.2;0.43
21.22;39.88;0.21;0.44
21.24;40.31;0.21;0.32
21.26;40.74;0.22;0.32
21.28;41.18;0.23;0.44
21.3;41.65;0.24;0.33
21.32;42.13;0.24;0.21
21.34;42.61;0.24;0.21
21.36;43.11;0.25;0.21
21.38;43.6;0.25;0.21
21.4;44.12;0.26;0.22
21.42;44.63;0.26;0.11
21.44;45.17;0.26;-0.01
21.46;45.68;0.26;0.11
21.48;46.21;0.27;0.01
21.5;46.75;0.26;-0.11
21.52;47.26;0.26;0.01
21.54;47.8;0.26;-0.1
21.56;48.31;0.26;-0.21
21.58;48.83;0.25;-0.22
21.6;49.33;0.25;-0.11
21.62;49.83;0.25;-0.09
21.64;50.33;0.25;-0.32
21.66;50.81;0.24;-0.33
21.68;51.27;0.23;-0.2
21.7;51.74;0.23;-0.42
21.72;52.19;0.22;-0.55
21.74;52.6;0.21;-0.33
21.76;53.01;0.2;-0.2
21.78;53.41;0.2;-0.41
21.8;53.81;0.19;-0.66
21.82;54.15;0.17;-0.43
21.84;54.5;0.17;-0.41
21.86;54.83;0.16;-0.65
21.88;55.12;0.14;-0.55
21.9;55.4;0.13;-0.42
21.92;55.66;0.13;-0.52
21.94;55.9;0.11;-0.75
21.96;56.11;0.1;-0.77
21.98;56.28;0.08;-0.54
22;56.44;0.07;-0.52
22.02;56.58;0.06;-0.75
22.04;56.69;0.04;-0.77
22.06;56.76;0.03;-0.54
22.08;56.81;0.02;-0.52
22.1;56.85;0.01;-0.75
22.12;56.85;-0.01;-0.76
22.14;56.82;-0.02;-0.65
22.16;56.77;-0.03;-0.65
22.18;56.68;-0.05;-0.65
22.2;56.58;-0.06;-0.65
22.22;56.45;-0.07;-0.65
22.24;56.29;-0.08;-0.65
22.26;56.11;-0.1;-0.54
22.28;55.9;-0.11;-0.52
22.3;55.68;-0.12;-0.76
22.32;55.42;-0.14;-0.66
22.34;55.13;-0.15;-0.42
22.36;54.84;-0.15;-0.54
22.38;54.52;-0.17;-0.55
22.4;54.17;-0.18;-0.42
22.42;53.81;-0.18;-0.54
22.44;53.44;-0.2;-0.56
22.46;53.03;-0.21;-0.32
22.48;52.61;-0.21;-0.32
22.5;52.18;-0.22;-0.33
22.52;51.74;-0.22;-0.2
22.54;51.29;-0.23;-0.43
22.56;50.83;-0.24;-0.45
22.58;50.33;-0.25;-0.1
22.6;49.85;-0.24;-0.21
22.62;49.35;-0.25;-0.34
22.64;48.83;-0.26;-0.12
22.66;48.32;-0.26;0.01
22.68;47.8;-0.26;-0.11
22.7;47.29;-0.26;-0.12
22.72;46.75;-0.26;5.13E-13
22.74;46.24;-0.26;-6.52E-13
22.76;45.7;-0.26;-5.13E-13
22.78;45.19;-0.26;-0.01
22.8;44.65;-0.26;0.22
22.82;44.13;-0.25;0.22
22.84;43.63;-0.25;0.09
22.86;43.12;-0.25;0.33
22.88;42.63;-0.24;0.22
22.9;42.15;-0.24;0.09
22.92;41.67;-0.24;0.43
22.94;41.2;-0.22;0.44
22.96;40.77;-0.22;0.2
22.98;40.32;-0.22;0.42
23;39.91;-0.2;0.54
23.02;39.51;-0.19;0.43
23.04;39.13;-0.19;0.43
23.06;38.77;-0.18;0.42
23.08;38.43;-0.17;0.54
23.1;38.1;-0.16;0.54
23.12;37.8;-0.15;0.53
23.14;37.51;-0.13;0.65
23.16;37.27;-0.12;0.53
23.18;37.03;-0.11;0.64
23.2;36.82;-0.1;0.76
23.22;36.64;-0.08;0.54
23.24;36.49;-0.07;0.53
23.26;36.35;-0.06;0.75
23.28;36.24;-0.04;0.76
23.3;36.17;-0.03;0.53
23.32;36.12;-0.02;0.64
23.34;36.08;0;0.76
23.36;36.1;0.01;0.64
23.38;36.12;0.02;0.76
23.4;36.18;0.04;0.65
23.42;36.27;0.05;0.53
23.44;36.37;0.06;0.76
23.46;36.51;0.08;0.65
23.48;36.68;0.09;0.53
23.5;36.85;0.1;0.76
23.52;37.07;0.12;0.66
23.54;37.31;0.12;0.42
23.56;37.57;0.13;0.53
23.58;37.84;0.15;0.65
23.6;38.15;0.16;0.54
23.62;38.47;0.17;0.54
23.64;38.82;0.18;0.54
23.66;39.19;0.19;0.43
23.68;39.57;0.2;0.44
23.7;39.98;0.21;0.32
23.72;40.39;0.21;0.32
23.74;40.82;0.22;0.43
23.76;41.27;0.23;0.44
23.78;41.73;0.24;0.33
23.8;42.21;0.24;0.21
23.82;42.69;0.24;0.21
23.84;43.19;0.25;0.21
23.86;43.69;0.25;0.22
23.88;44.21;0.26;0.11
23.9;44.72;0.26;0.1
23.92;45.24;0.26;0.23
23.94;45.77;0.27;0.01
23.96;46.3;0.26;-0.11
23.98;46.82;0.26;0.01
24;47.35;0.26;-0.11
24.02;47.87;0.26;-0.11
24.04;48.38;0.26;-0.1
24.06;48.9;0.25;-0.21
24.08;49.4;0.25;-0.21
24.1;49.9;0.25;-0.21
24.12;50.38;0.24;-0.21
24.14;50.86;0.24;-0.32
24.16;51.33;0.23;-0.33
24.18;51.77;0.22;-0.2
24.2;52.22;0.22;-0.42
24.22;52.65;0.21;-0.55
24.24;53.05;0.2;-0.32
24.26;53.45;0.19;-0.31
24.28;53.82;0.19;-0.54
24.3;54.19;0.17;-0.55
24.32;54.52;0.16;-0.41
24.34;54.84;0.16;-0.64
24.36;55.14;0.14;-0.66
24.38;55.4;0.13;-0.42
24.4;55.66;0.12;-0.53
24.42;55.88;0.11;-0.64
24.44;56.09;0.1;-0.64
24.46;56.27;0.08;-0.64
24.48;56.42;0.07;-0.64
24.5;56.55;0.06;-0.64
24.52;56.65;0.04;-0.76
24.54;56.72;0.03;-0.65
24.56;56.76;0.02;-0.52
24.58;56.8;0.01;-0.76
24.6;56.78;-0.01;-0.65
24.62;56.75;-0.02;-0.52
24.64;56.7;-0.03;-0.75
24.66;56.62;-0.05;-0.77
24.68;56.5;-0.06;-0.53
24.7;56.36;-0.07;-0.64
24.72;56.21;-0.09;-0.77
24.74;56;-0.1;-0.54
24.76;55.8;-0.11;-0.54
24.78;55.56;-0.12;-0.54
24.8;55.3;-0.13;-0.53
24.82;55.03;-0.15;-0.65
24.84;54.72;-0.16;-0.55
24.86;54.4;-0.17;-0.43
24.88;54.05;-0.18;-0.43
24.9;53.69;-0.18;-0.42
24.92;53.32;-0.19;-0.55
24.94;52.92;-0.21;-0.45
24.96;52.49;-0.21;-0.2
24.98;52.08;-0.21;-0.43
25;51.63;-0.23;-0.45
25.02;51.17;-0.23;-0.21
25.04;50.71;-0.24;-0.33
25.06;50.23;-0.25;-0.22
25.08;49.73;-0.24;-0.09
25.1;49.25;-0.25;-0.33
25.12;48.73;-0.26;-0.23
25.14;48.21;-0.26;-6.43E-13
25.16;47.7;-0.26;0.01
25.18;47.18;-0.26;-0.11
25.2;46.67;-0.26;-0.12
25.22;46.13;-0.26;0.11
25.24;45.61;-0.26;0.11
25.26;45.1;-0.26;-0.01
25.28;44.58;-0.26;0.1
25.3;44.06;-0.25;0.22
25.32;43.56;-0.25;0.22
25.34;43.06;-0.25;0.22
25.36;42.58;-0.24;0.1
25.38;42.1;-0.24;0.2
25.4;41.62;-0.23;0.54
25.42;41.17;-0.22;0.44
25.44;40.74;-0.22;0.21
25.46;40.31;-0.21;0.32
25.48;39.89;-0.2;0.42
25.5;39.5;-0.19;0.54
25.52;39.12;-0.18;0.54
25.54;38.77;-0.17;0.42
25.56;38.42;-0.16;0.54
25.58;38.11;-0.15;0.54
25.6;37.82;-0.14;0.42
25.62;37.54;-0.13;0.53
25.64;37.28;-0.12;0.75
25.66;37.06;-0.1;0.76
25.68;36.87;-0.09;0.54
25.7;36.7;-0.08;0.53
25.72;36.54;-0.07;0.65
25.74;36.42;-0.06;0.65
25.76;36.31;-0.04;0.65
25.78;36.24;-0.03;0.64
25.8;36.19;-0.02;0.75
25.82;36.17;-0.000679;0.76
25.84;36.19;0.01;0.64
25.86;36.22;0.03;0.65
25.88;36.29;0.04;0.53
25.9;36.37;0.05;0.64
25.92;36.47;0.06;0.76
25.94;36.63;0.08;0.53
25.96;36.78;0.09;0.64
25.98;36.97;0.1;0.76
26;37.19;0.12;0.54
26.02;37.43;0.12;0.53
26.04;37.69;0.14;0.65
26.06;37.98;0.15;0.54
26.08;38.29;0.16;0.42
26.1;38.61;0.17;0.54
26.12;38.95;0.18;0.55
26.14;39.33;0.19;0.32
26.16;39.71;0.19;0.42
26.18;40.1;0.21;0.55
26.2;40.53;0.21;0.32
26.22;40.96;0.22;0.32
26.24;41.41;0.23;0.44
26.26;41.87;0.24;0.34
26.28;42.35;0.24;0.1
26.3;42.83;0.24;0.21
26.32;43.31;0.25;0.34
26.34;43.83;0.25;0.11
26.36;44.33;0.25;0.11
26.38;44.84;0.26;0.11
26.4;45.36;0.26;0.11
26.42;45.87;0.26;0.12
26.44;46.41;0.26;-0.11
26.46;46.92;0.26;-0.11
26.48;47.44;0.26;0.01
26.5;47.95;0.26;-0.1
26.52;48.47;0.25;-0.21
26.54;48.97;0.25;-0.21
26.56;49.47;0.25;-0.22
26.58;49.95;0.24;-0.1
26.6;50.43;0.24;-0.2
26.62;50.91;0.23;-0.45
26.64;51.36;0.22;-0.21
26.66;51.81;0.22;-0.19
26.68;52.26;0.22;-0.54
26.7;52.67;0.2;-0.44
26.72;53.07;0.2;-0.31
26.74;53.46;0.19;-0.43
26.76;53.82;0.18;-0.42
26.78;54.19;0.17;-0.53
26.8;54.52;0.16;-0.65
26.82;54.83;0.15;-0.55
26.84;55.1;0.14;-0.42
26.86;55.38;0.13;-0.53
26.88;55.62;0.12;-0.64
26.9;55.85;0.1;-0.65
26.92;56.04;0.09;-0.54
26.94;56.21;0.08;-0.52
26.96;56.37;0.07;-0.75
26.98;56.49;0.05;-0.76
27;56.58;0.04;-0.64
27.02;56.65;0.03;-0.65
27.04;56.69;0.01;-0.54
27.06;56.71;0.01;-0.52
27.08;56.71;-0.01;-0.75
27.1;56.68;-0.02;-0.76
27.12;56.61;-0.04;-0.65
27.14;56.53;-0.05;-0.65
27.16;56.41;-0.06;-0.53
27.18;56.27;-0.07;-0.64
27.2;56.12;-0.09;-0.77
27.22;55.92;-0.1;-0.54
27.24;55.71;-0.11;-0.54
27.26;55.47;-0.12;-0.54
27.28;55.22;-0.13;-0.53
27.3;54.94;-0.15;-0.65
27.32;54.64;-0.16;-0.55
27.34;54.31;-0.17;-0.42
27.36;53.97;-0.18;-0.54
27.38;53.61;-0.19;-0.56
27.4;53.21;-0.2;-0.32
27.42;52.82;-0.2;-0.32
27.44;52.41;-0.21;-0.32
27.46;51.98;-0.21;-0.31
27.48;51.55;-0.22;-0.44
27.5;51.08;-0.23;-0.33
27.52;50.62;-0.24;-0.22
27.54;50.14;-0.24;-0.22
27.56;49.66;-0.24;-0.22
27.58;49.16;-0.25;-0.22
27.6;48.66;-0.25;-0.12
27.62;48.14;-0.25;0.01
27.64;47.65;-0.25;-0.22
27.66;47.13;-0.26;-0.24
27.68;46.6;-0.26;0.11
27.7;46.08;-0.26;0.11
27.72;45.56;-0.26;-0.01
27.74;45.05;-0.26;0.1
27.76;44.53;-0.25;0.22
27.78;44.03;-0.25;0.12
27.8;43.53;-0.25;-0.13
27.82;43.03;-0.25;0.18
27.84;42.51;-0.24;0.77
27.86;42.06;-0.22;0.45
27.88;41.62;-0.22;0.1
27.9;41.17;-0.22;0.22
27.92;40.74;-0.22;0.2
27.94;40.31;-0.21;0.42
27.96;39.89;-0.2;0.54
27.98;39.51;-0.19;0.42
28;39.13;-0.18;0.54
28.02;38.79;-0.17;0.54
28.04;38.46;-0.16;0.43
28.06;38.15;-0.15;0.42
28.08;37.86;-0.14;0.53
28.1;37.58;-0.13;0.76
28.12;37.34;-0.11;0.66
28.14;37.13;-0.1;0.42
28.16;36.92;-0.1;0.64
28.18;36.75;-0.08;0.76
28.2;36.61;-0.06;0.53
28.22;36.49;-0.06;0.64
28.24;36.38;-0.04;0.76
28.26;36.33;-0.03;0.53
28.28;36.28;-0.02;0.64
28.3;36.26;-0.00068;0.76
28.32;36.27;0.01;0.64
28.34;36.31;0.03;0.65
28.36;36.37;0.04;0.53
28.38;36.46;0.05;0.64
28.4;36.56;0.06;0.76
28.42;36.71;0.08;0.64
28.44;36.87;0.09;0.65
28.46;37.07;0.1;0.54
28.48;37.28;0.11;0.53
28.5;37.52;0.12;0.64
28.52;37.77;0.14;0.65
28.54;38.06;0.15;0.54
28.56;38.37;0.16;0.43
28.58;38.7;0.17;0.43
28.6;39.04;0.18;0.42
28.62;39.4;0.18;0.54
28.64;39.78;0.2;0.55
28.66;40.19;0.21;0.32
28.68;40.6;0.21;0.32
28.7;41.03;0.22;0.44
28.72;41.48;0.23;0.33
28.74;41.94;0.23;0.21
28.76;42.4;0.24;0.32
28.78;42.88;0.24;0.34
28.8;43.38;0.25;0.11
28.82;43.88;0.25;0.1
28.84;44.38;0.25;0.22
28.86;44.89;0.26;0.11
28.88;45.41;0.26;-6.06E-13
28.9;45.92;0.26;-5.37E-13
28.92;46.44;0.26;6.41E-13
28.94;46.96;0.26;5.72E-13
28.96;47.47;0.26;0.01
28.98;47.99;0.26;-0.1
29;48.5;0.25;-0.21
29.02;49;0.25;-0.21
29.04;49.5;0.25;-0.21
29.06;49.98;0.24;-0.21
29.08;50.47;0.24;-0.32
29.1;50.93;0.23;-0.33
29.12;51.38;0.22;-0.21
29.14;51.83;0.22;-0.31
29.16;52.26;0.21;-0.44
29.18;52.67;0.2;-0.32
29.2;53.07;0.2;-0.31
29.22;53.46;0.19;-0.54
29.24;53.83;0.18;-0.55
29.26;54.17;0.17;-0.42
29.28;54.5;0.16;-0.52
29.3;54.81;0.15;-0.77
29.32;55.09;0.13;-0.56
29.34;55.33;0.13;-0.19
29.36;55.59;0.12;-0.51
29.38;55.82;0.1;-0.88
29.4;56.01;0.09;-0.66
29.42;56.16;0.08;-0.41
29.44;56.32;0.07;-0.64
29.46;56.44;0.05;-0.76
29.48;56.53;0.04;-0.64
29.5;56.6;0.03;-0.64
29.52;56.64;0.01;-0.64
29.54;56.66;0;-0.65
29.56;56.64;-0.01;-0.65
29.58;56.61;-0.02;-0.65
29.6;56.54;-0.04;-0.65
29.62;56.46;-0.05;-0.65
29.64;56.34;-0.06;-0.65
29.66;56.21;-0.08;-0.65
29.68;56.04;-0.09;-0.65
29.7;55.85;-0.1;-0.65
29.72;55.63;-0.12;-0.55
29.74;55.39;-0.12;-0.42
29.76;55.13;-0.13;-0.53
29.78;54.86;-0.15;-0.65
29.8;54.55;-0.16;-0.55
29.82;54.22;-0.17;-0.43
29.84;53.88;-0.18;-0.43
29.86;53.52;-0.18;-0.43
29.88;53.14;-0.19;-0.43
29.9;52.75;-0.2;-0.43
29.92;52.34;-0.21;-0.44
29.94;51.91;-0.22;-0.33
29.96;51.46;-0.22;-0.21
29.98;51.02;-0.23;-0.32
30;50.55;-0.24;-0.33
30.02;50.07;-0.24;-0.22
30.04;49.59;-0.24;-0.22
30.06;49.09;-0.25;-0.11
30.08;48.59;-0.25;-0.1
30.1;48.09;-0.25;-0.22
30.12;47.58;-0.26;-0.12
30.14;47.06;-0.26;-3.47E-14
30.16;46.54;-0.26;3.47E-14
30.18;46.03;-0.26;-0.01
30.2;45.51;-0.26;0.11
30.22;44.99;-0.25;0.11
30.24;44.5;-0.25;0.1
30.26;43.98;-0.25;0.22
30.28;43.5;-0.25;0.1
30.3;43;-0.25;0.21
30.32;42.51;-0.24;0.33
30.34;42.05;-0.23;0.21
30.36;41.58;-0.23;0.32
30.38;41.13;-0.22;0.44
30.4;40.7;-0.21;0.34
30.42;40.29;-0.21;0.08
30.44;39.88;-0.21;0.52
30.46;39.46;-0.19;0.89
30.48;39.13;-0.17;0.43
30.5;38.77;-0.17;0.43
30.52;38.46;-0.16;0.44
30.54;38.15;-0.15;0.31
30.56;37.86;-0.14;0.64
30.58;37.58;-0.13;0.76
30.6;37.35;-0.11;0.54
30.62;37.13;-0.1;0.53
30.64;36.94;-0.09;0.65
30.66;36.76;-0.08;0.65
30.68;36.63;-0.07;0.65
30.7;36.5;-0.05;0.65
30.72;36.42;-0.04;0.65
30.74;36.35;-0.03;0.65
30.76;36.31;-0.01;0.65
30.78;36.29;-0.000681;0.64
30.8;36.31;0.01;0.64
30.82;36.34;0.03;0.64
30.84;36.41;0.04;0.75
30.86;36.49;0.06;0.76
30.88;36.63;0.07;0.54
30.9;36.76;0.08;0.53
30.92;36.94;0.09;0.64
30.94;37.12;0.1;0.65
30.96;37.35;0.12;0.54
30.98;37.59;0.12;0.53
31;37.84;0.14;0.65
31.02;38.13;0.15;0.54
31.04;38.44;0.16;0.54
31.06;38.77;0.17;0.55
31.08;39.13;0.18;0.32
31.1;39.49;0.18;0.42
31.12;39.86;0.2;0.55
31.14;40.28;0.21;0.32
31.16;40.69;0.21;0.32
31.18;41.12;0.22;0.44
31.2;41.56;0.23;0.33
31.22;42.03;0.23;0.21
31.24;42.49;0.24;0.32
31.26;42.97;0.24;0.34
31.28;43.47;0.25;0.11
31.3;43.97;0.25;0.1
31.32;44.46;0.25;0.22
31.34;44.98;0.26;0.11
31.36;45.49;0.26;0
31.38;46.01;0.26;-6.76E-13
31.4;46.53;0.26;0.01
31.42;47.04;0.26;-0.11
31.44;47.56;0.25;-0.11
31.46;48.06;0.25;-0.1
31.48;48.57;0.25;-0.22
31.5;49.05;0.24;-0.11
31.52;49.55;0.25;-0.1
31.54;50.03;0.24;-0.21
31.56;50.52;0.24;-0.32
31.58;50.98;0.23;-0.32
31.6;51.43;0.22;-0.31
31.62;51.88;0.22;-0.44
31.64;52.29;0.21;-0.32
31.66;52.7;0.2;-0.31
31.68;53.1;0.19;-0.43
31.7;53.48;0.19;-0.43
31.72;53.84;0.18;-0.42
31.74;54.19;0.17;-0.54
31.76;54.52;0.16;-0.55
31.78;54.81;0.15;-0.41
31.8;55.11;0.14;-0.64
31.82;55.37;0.12;-0.66
31.84;55.59;0.11;-0.41
31.86;55.82;0.1;-0.64
31.88;56.01;0.09;-0.77
31.9;56.16;0.07;-0.54
31.92;56.3;0.07;-0.52
31.94;56.43;0.05;-0.75
31.96;56.51;0.04;-0.77
31.98;56.57;0.02;-0.54
32;56.6;0.01;-0.52
32.02;56.62;0;-0.75
32.04;56.61;-0.02;-0.76
32.06;56.56;-0.03;-0.65
32.08;56.49;-0.04;-0.54
32.1;56.39;-0.05;-0.52
32.12;56.29;-0.06;-0.76
32.14;56.14;-0.08;-0.65
32.16;55.97;-0.09;-0.53
32.18;55.78;-0.1;-0.65
32.2;55.56;-0.12;-0.54
32.22;55.32;-0.12;-0.53
32.24;55.06;-0.14;-0.65
32.26;54.77;-0.15;-0.55
32.28;54.46;-0.16;-0.43
32.3;54.14;-0.17;-0.42
32.32;53.8;-0.18;-0.54
32.34;53.44;-0.19;-0.55
32.36;53.04;-0.2;-0.32
32.38;52.65;-0.2;-0.31
32.4;52.23;-0.21;-0.44
32.42;51.81;-0.22;-0.33
32.44;51.36;-0.22;-0.21
32.46;50.91;-0.23;-0.32
32.48;50.45;-0.24;-0.33
32.5;49.97;-0.24;-0.22
32.52;49.49;-0.24;-0.22
32.54;48.99;-0.25;-0.11
32.56;48.49;-0.25;-0.1
32.58;47.99;-0.25;-0.22
32.6;47.47;-0.26;-0.12
32.62;46.96;-0.26;-0.01
32.64;46.44;-0.26;0.11
32.66;45.92;-0.25;0.14
32.68;45.42;-0.25;-0.34
32.7;44.91;-0.27;-0.16
32.72;44.36;-0.26;0.77
32.74;43.87;-0.24;0.58
32.76;43.41;-0.24;-0.11
32.78;42.93;-0.24;-0.02
32.8;42.44;-0.24;0.32
32.82;41.98;-0.23;0.33
32.84;41.53;-0.22;0.21
32.86;41.08;-0.22;0.32
32.88;40.65;-0.21;0.43
32.9;40.24;-0.2;0.43
32.92;39.84;-0.19;0.43
32.94;39.46;-0.19;0.42
32.96;39.1;-0.18;0.54
32.98;38.75;-0.16;0.54
33;38.44;-0.16;0.42
33.02;38.13;-0.15;0.54
33.04;37.85;-0.13;0.54
33.06;37.6;-0.13;0.53
33.08;37.35;-0.11;0.65
33.1;37.15;-0.1;0.65
33.12;36.95;-0.09;0.65
33.14;36.8;-0.07;0.54
33.16;36.66;-0.07;0.53
33.18;36.54;-0.05;0.75
33.2;36.45;-0.04;0.76
33.22;36.4;-0.02;0.65
33.24;36.36;-0.01;0.65
33.26;36.36;0;0.54
33.28;36.38;0.01;0.53
33.3;36.41;0.02;0.75
33.32;36.48;0.04;0.76
33.34;36.58;0.06;0.64
33.36;36.7;0.07;0.64
33.38;36.85;0.08;0.64
33.4;37.02;0.09;0.65
33.42;37.23;0.11;0.54
33.44;37.45;0.12;0.42
33.46;37.69;0.12;0.53
33.48;37.94;0.14;0.66
33.5;38.24;0.15;0.44
33.52;38.55;0.15;-1.97
33.54;38.85;0.07;0.39
33.56;38.83;0.17;5.39
33.58;39.53;0.29;1.13
33.6;39.98;0.22;-2.04
33.62;40.4;0.21;-0.13
33.64;40.81;0.21;0.32
33.66;41.24;0.22;0.44
33.68;41.68;0.23;0.33
33.7;42.15;0.23;0.21
33.72;42.61;0.24;0.32
33.74;43.09;0.24;0.34
33.76;43.59;0.25;0.11
33.78;44.09;0.25;2.18E-12
33.8;44.58;0.25;-0.01
33.82;45.08;0.25;0.21
33.84;45.58;0.26;0.35
33.86;46.11;0.26;-0.1
33.88;46.63;0.25;-0.24
33.9;47.13;0.25;0.11
33.92;47.64;0.26;0.02
33.94;48.16;0.25;-0.33
33.96;48.66;0.24;-0.23
33.98;49.14;0.24;0.02
34;49.64;0.25;-0.21
34.02;50.12;0.24;-0.32
34.04;50.59;0.23;-0.32
34.06;51.05;0.22;-0.33
34.08;51.48;0.22;-0.21
34.1;51.93;0.22;-0.31
34.12;52.34;0.21;-0.43
34.14;52.76;0.2;-0.43
34.16;53.14;0.19;-0.43
34.18;53.52;0.18;-0.43
34.2;53.86;0.17;-0.42
34.22;54.21;0.16;-0.54
34.24;54.52;0.15;-0.55
34.26;54.81;0.14;-0.42
34.28;55.09;0.13;-0.53
34.3;55.35;0.12;-0.64
34.32;55.57;0.11;-0.64
34.34;55.78;0.1;-0.65
34.36;55.96;0.08;-0.54
34.38;56.11;0.07;-0.53
34.4;56.25;0.06;-0.64
34.42;56.36;0.05;-0.64
34.44;56.45;0.04;-0.64
34.46;56.5;0.02;-0.58
34.48;56.54;0.01;-3.06
34.5;56.55;-0.1;-1.36
34.52;56.14;-0.04;4.05
34.54;56.38;0.06;0.46
34.56;56.39;-0.02;-2.94
34.58;56.29;-0.05;-1.11
34.6;56.17;-0.07;-0.65
34.62;56.02;-0.08;-0.54
34.64;55.85;-0.09;-0.53
34.66;55.66;-0.1;-0.65
34.68;55.44;-0.12;-0.54
34.7;55.2;-0.12;-0.53
34.72;54.94;-0.14;-0.65
34.74;54.65;-0.15;-0.55
34.76;54.34;-0.16;-0.42
34.78;54.02;-0.17;-0.54
34.8;53.68;-0.18;-0.56
34.82;53.3;-0.19;-0.32
34.84;52.92;-0.19;-0.31
34.86;52.53;-0.2;-0.43
34.88;52.11;-0.21;-0.44
34.9;51.69;-0.22;-0.33
34.92;51.24;-0.22;-0.21
34.94;50.79;-0.23;-0.32
34.96;50.33;-0.24;-0.34
34.98;49.85;-0.24;-0.11
35;49.36;-0.24;-0.1
35.02;48.88;-0.24;-0.22
35.04;48.38;-0.25;-0.22
35.06;47.89;-0.25;-0.12
35.08;47.37;-0.25;0.01
35.1;46.87;-0.25;-0.11
35.12;46.35;-0.26;-0.01
35.14;45.84;-0.25;0.11
35.16;45.34;-0.25;-0.01
35.18;44.82;-0.25;0.1
35.2;44.32;-0.25;0.22
35.22;43.82;-0.25;0.22
35.24;43.34;-0.24;0.22
35.26;42.86;-0.24;0.22
35.28;42.39;-0.23;0.21
35.3;41.93;-0.23;0.32
35.32;41.48;-0.22;0.33
35.34;41.05;-0.22;0.2
35.36;40.62;-0.21;0.42
35.38;40.2;-0.2;0.54
35.4;39.82;-0.19;0.43
35.42;39.44;-0.18;0.43
35.44;39.1;-0.17;0.42
35.46;38.75;-0.16;0.54
35.48;38.44;-0.15;0.54
35.5;38.15;-0.14;0.42
35.52;37.87;-0.13;0.53
35.54;37.61;-0.12;0.65
35.56;37.39;-0.11;0.65
35.58;37.18;-0.1;0.54
35.6;37.01;-0.09;0.53
35.62;36.83;-0.07;0.76
35.64;36.71;-0.06;0.65
35.66;36.61;-0.05;0.53
35.68;36.52;-0.04;0.65
35.7;36.47;-0.02;0.65
35.72;36.43;-0.01;0.64
35.74;36.43;0;0.75
35.76;36.44;0.02;0.76
35.78;36.51;0.03;0.54
35.8;36.58;0.04;0.53
35.82;36.68;0.06;0.64
35.84;36.8;0.07;0.64
35.86;36.95;0.08;0.64
35.88;37.12;0.09;0.65
35.9;37.33;0.11;0.54
35.92;37.55;0.12;0.53
35.94;37.79;0.13;0.65
35.96;38.06;0.14;0.54
35.98;38.36;0.15;0.42
36;38.66;0.16;0.54
36.02;38.99;0.17;0.54
36.04;39.35;0.18;0.43
36.06;39.71;0.19;0.44
36.08;40.1;0.2;0.32
36.1;40.5;0.2;0.32
36.12;40.91;0.21;0.43
36.14;41.34;0.22;0.44
36.16;41.78;0.23;0.33
36.18;42.25;0.23;0.21
36.2;42.71;0.24;0.22
36.22;43.19;0.24;0.11
36.24;43.67;0.24;0.09
36.26;44.15;0.24;0.33
36.28;44.65;0.25;0.23
36.3;45.17;0.25;-1.13E-12
36.32;45.67;0.25;-1.16E-12
36.34;46.18;0.25;2.25E-12
36.36;46.68;0.25;0.01
36.38;47.2;0.25;-0.11
36.4;47.7;0.25;-0.11
36.42;48.19;0.25;-0.1
36.44;48.69;0.25;-0.22
36.46;49.17;0.24;-0.11
36.48;49.66;0.24;-0.09
36.5;50.14;0.24;-0.32
36.52;50.6;0.23;-0.33
36.54;51.05;0.22;-0.21
36.56;51.5;0.22;-0.31
36.58;51.93;0.21;-0.44
36.6;52.34;0.2;-0.32
36.62;52.74;0.2;-0.31
36.64;53.14;0.19;-0.55
36.66;53.5;0.18;-0.44
36.68;53.84;0.17;-0.3
36.7;54.19;0.16;-0.64
36.72;54.5;0.15;-0.66
36.74;54.78;0.14;-0.42
36.76;55.06;0.13;-0.54
36.78;55.3;0.12;-0.54
36.8;55.52;0.11;-0.53
36.82;55.73;0.1;-0.65
36.84;55.9;0.08;-0.54
36.86;56.06;0.07;-0.52
36.88;56.2;0.06;-0.75
36.9;56.31;0.04;-0.76
36.92;56.38;0.03;-0.65
36.94;56.43;0.02;-0.54
36.96;56.45;0.01;-0.52
36.98;56.47;0;-0.76
37;56.44;-0.02;-0.65
37.02;56.39;-0.03;-0.52
37.04;56.32;-0.04;-0.76
37.06;56.22;-0.06;-0.65
37.08;56.08;-0.07;-0.53
37.1;55.95;-0.08;-0.65
37.12;55.76;-0.09;-0.54
37.14;55.57;-0.1;-0.53
37.16;55.35;-0.12;-0.65
37.18;55.11;-0.13;-0.54
37.2;54.84;-0.14;-0.53
37.22;54.57;-0.15;-0.66
37.24;54.24;-0.16;-0.44
37.26;53.91;-0.17;-0.31
37.28;53.57;-0.18;-0.42
37.3;53.21;-0.18;-0.54
37.32;52.84;-0.2;-0.56
37.34;52.42;-0.21;-0.22
37.36;52.01;-0.21;-0.2
37.38;51.6;-0.21;-0.44
37.4;51.15;-0.22;-0.33
37.42;50.71;-0.23;-0.22
37.44;50.24;-0.23;-0.22
37.46;49.78;-0.24;-0.22
37.48;49.3;-0.24;-0.22
37.5;48.81;-0.24;-0.22
37.52;48.32;-0.25;-0.11
37.54;47.82;-0.25;-0.11
37.56;47.32;-0.25;-0.12
37.58;46.8;-0.25;0.11
37.6;46.3;-0.25;0.01
37.62;45.8;-0.25;-0.12
37.64;45.29;-0.25;0.1
37.66;44.79;-0.25;0.22
37.68;44.29;-0.25;0.22
37.7;43.8;-0.24;0.11
37.72;43.32;-0.24;0.09
37.74;42.84;-0.24;0.32
37.76;42.37;-0.23;0.33
37.78;41.93;-0.22;0.22
37.8;41.48;-0.22;0.21
37.82;41.05;-0.22;0.31
37.84;40.62;-0.21;0.54
37.86;40.22;-0.19;0.44
37.88;39.84;-0.19;0.31
37.9;39.46;-0.18;0.54
37.92;39.11;-0.17;0.54
37.94;38.79;-0.16;0.43
37.96;38.48;-0.15;0.42
37.98;38.18;-0.14;0.54
38;37.9;-0.13;0.54
38.02;37.66;-0.12;0.53
38.04;37.42;-0.11;0.65
38.06;37.23;-0.1;0.53
38.08;37.04;-0.09;0.64
38.1;36.88;-0.07;0.76
38.12;36.76;-0.06;0.65
38.14;36.66;-0.04;0.54
38.16;36.59;-0.04;0.53
38.18;36.52;-0.02;0.75
38.2;36.5;0;0.76
38.22;36.5;0.01;0.65
38.24;36.53;0.02;0.54
38.26;36.58;0.03;0.53
38.28;36.65;0.04;0.75
38.3;36.75;0.06;0.76
38.32;36.89;0.07;0.54
38.34;37.04;0.08;0.53
38.36;37.21;0.09;0.65
38.38;37.42;0.11;0.54
38.4;37.64;0.12;0.53
38.42;37.88;0.13;0.65
38.44;38.15;0.14;0.54
38.46;38.44;0.15;0.43
38.48;38.75;0.16;0.42
38.5;39.08;0.17;0.54
38.52;39.42;0.18;0.54
38.54;39.8;0.19;0.43
38.56;40.17;0.2;0.44
38.58;40.58;0.21;0.32
38.6;41;0.21;0.32
38.62;41.43;0.22;0.44
38.64;41.87;0.23;0.33
38.66;42.34;0.23;0.21
38.68;42.8;0.24;0.22
38.7;43.28;0.24;0.11
38.72;43.76;0.24;0.1
38.74;44.24;0.24;0.21
38.76;44.74;0.25;0.22
38.78;45.24;0.25;0.11
38.8;45.75;0.25;2.22E-12
38.82;46.25;0.25;0.01
38.84;46.77;0.25;-0.11
38.86;47.27;0.25;-0.11
38.88;47.76;0.25;0.01
38.9;48.26;0.25;-0.1
38.92;48.76;0.25;-0.21
38.94;49.24;0.24;-0.21
38.96;49.73;0.24;-0.21
38.98;50.19;0.23;-0.21
39;50.66;0.23;-0.21
39.02;51.1;0.22;-0.31
39.04;51.55;0.22;-0.44
39.06;51.96;0.21;-0.32
39.08;52.38;0.2;-0.32
39.1;52.77;0.19;-0.32
39.12;53.15;0.19;-0.3
39.14;53.53;0.18;-0.64
39.16;53.88;0.16;-0.67
39.18;54.19;0.16;-0.31
39.2;54.5;0.15;-0.41
39.22;54.8;0.14;-0.65
39.24;55.06;0.13;-0.55
39.26;55.3;0.12;-0.42
39.28;55.52;0.11;-0.52
39.3;55.73;0.1;-0.75
39.32;55.91;0.08;-0.77
39.34;56.04;0.07;-0.54
39.36;56.17;0.06;-0.53
39.38;56.27;0.04;-0.64
39.4;56.34;0.03;-0.64
39.42;56.4;0.02;-0.65
39.44;56.42;0.01;-0.53
39.46;56.42;0;-0.64
39.48;56.4;-0.02;-0.77
39.5;56.34;-0.03;-0.53
39.52;56.27;-0.04;-0.64
39.54;56.17;-0.06;-0.77
39.56;56.03;-0.07;-0.54
39.58;55.88;-0.08;-0.53
39.6;55.71;-0.09;-0.65
39.62;55.51;-0.11;-0.54
39.64;55.28;-0.12;-0.53
39.66;55.04;-0.13;-0.65
39.68;54.77;-0.14;-0.55
39.7;54.48;-0.15;-0.43
39.72;54.17;-0.16;-0.43
39.74;53.85;-0.17;-0.42
39.76;53.5;-0.18;-0.54
39.78;53.14;-0.19;-0.55
39.8;52.75;-0.2;-0.32
39.82;52.35;-0.2;-0.32
39.84;51.94;-0.21;-0.33
39.86;51.51;-0.21;-0.21
39.88;51.08;-0.22;-0.32
39.9;50.64;-0.23;-0.45
39.92;50.17;-0.24;-0.22
39.94;49.69;-0.24;-0.1
39.96;49.23;-0.24;-0.22
39.98;48.73;-0.25;-0.1
40;48.25;-0.24;-0.22
40.02;47.75;-0.25;-0.24
40.04;47.23;-0.25;0.11
40.06;46.73;-0.25;0.12
40.08;46.23;-0.25;-0.11
40.1;45.73;-0.25;-0.12
40.12;45.22;-0.25;0.1
40.14;44.72;-0.25;0.22
40.16;44.22;-0.25;0.22
40.18;43.74;-0.24;0.22
40.2;43.25;-0.24;0.22
40.22;42.79;-0.23;0.1
40.24;42.32;-0.23;0.2
40.26;41.86;-0.22;0.44
40.28;41.43;-0.22;0.32
40.3;40.99;-0.21;0.32
40.32;40.58;-0.2;0.32
40.34;40.19;-0.2;0.31
40.36;39.79;-0.19;0.54
40.38;39.42;-0.18;0.54
40.4;39.08;-0.17;0.42
40.42;38.75;-0.16;0.54
40.44;38.44;-0.15;0.54
40.46;38.16;-0.14;0.42
40.48;37.89;-0.13;0.53
40.5;37.65;-0.12;0.65
40.52;37.42;-0.1;0.65
40.54;37.23;-0.09;0.54
40.56;37.06;-0.08;0.53
40.58;36.9;-0.07;0.76
40.6;36.78;-0.05;0.66
40.62;36.69;-0.04;0.42
40.64;36.6;-0.04;0.64
40.66;36.55;-0.02;0.76
40.68;36.53;0;0.64
40.7;36.53;0.01;0.75
40.72;36.56;0.03;0.76
40.74;36.63;0.04;0.54
40.76;36.72;0.05;0.53
40.78;36.82;0.06;0.65
40.8;36.95;0.07;0.54
40.82;37.11;0.08;0.53
40.84;37.28;0.09;0.76
40.86;37.48;0.11;0.66
40.88;37.72;0.12;0.42
40.9;37.96;0.13;0.53
40.92;38.24;0.14;0.65
40.94;38.53;0.15;0.55
40.96;38.85;0.16;0.32
40.98;39.18;0.17;0.42
41;39.52;0.18;0.66
41.02;39.9;0.19;0.44
41.04;40.29;0.2;0.21
41.06;40.69;0.2;0.32
41.08;41.1;0.21;0.43
41.1;41.53;0.22;0.44
41.12;41.97;0.23;0.33
41.14;42.44;0.23;0.21
41.16;42.9;0.24;0.22
41.18;43.38;0.24;0.11
41.2;43.86;0.24;0.1
41.22;44.34;0.24;0.21
41.24;44.84;0.25;0.23
41.26;45.34;0.25;0.01
41.28;45.86;0.25;-0.13
41.3;46.34;0.25;0.23
41.32;46.85;0.26;0.02
41.34;47.37;0.25;-0.34
41.36;47.85;0.24;0.000312
41.38;48.35;0.25;0.03
41.4;48.85;0.25;-0.44
41.42;49.33;0.23;-0.35
41.44;49.78;0.23;0.12
41.46;50.26;0.24;-0.08
41.48;50.72;0.23;-0.44
41.5;51.17;0.22;-0.32
41.52;51.6;0.22;-0.31
41.54;52.03;0.21;-0.44
41.56;52.43;0.2;-0.31
41.58;52.83;0.19;-0.42
41.6;53.21;0.18;-0.55
41.62;53.55;0.17;-0.32
41.64;53.9;0.17;-0.31
41.66;54.22;0.16;-0.53
41.68;54.54;0.15;-0.65
41.7;54.81;0.13;-0.54
41.72;55.07;0.13;-0.53
41.74;55.32;0.11;-0.65
41.76;55.52;0.1;-0.54
41.78;55.71;0.09;-0.53
41.8;55.89;0.08;-0.64
41.82;56.03;0.07;-0.64
41.84;56.15;0.05;-0.65
41.86;56.24;0.04;-0.54
41.88;56.31;0.03;-0.52
41.9;56.36;0.02;-0.75
41.92;56.38;0;-0.77
41.94;56.37;-0.01;-0.54
41.96;56.33;-0.02;-0.53
41.98;56.29;-0.03;-0.65
42;56.2;-0.05;-0.65
42.02;56.1;-0.06;-0.65
42.04;55.96;-0.07;-0.65
42.06;55.81;-0.08;-0.65
42.08;55.62;-0.1;-0.54
42.1;55.42;-0.11;-0.53
42.12;55.2;-0.12;-0.65
42.14;54.94;-0.13;-0.55
42.16;54.67;-0.14;-0.43
42.18;54.38;-0.15;-0.43
42.2;54.07;-0.16;-0.42
42.22;53.74;-0.17;-0.54
42.24;53.4;-0.18;-0.55
42.26;53.02;-0.19;-0.31
42.28;52.65;-0.19;-0.43
42.3;52.25;-0.21;-0.45
42.32;51.82;-0.21;-0.21
42.34;51.41;-0.21;-0.32
42.36;50.96;-0.22;-0.33
42.38;50.52;-0.23;-0.22
42.4;50.05;-0.23;-0.22
42.42;49.59;-0.24;-0.22
42.44;49.11;-0.24;-0.22
42.46;48.63;-0.24;-0.23
42.48;48.13;-0.25;-0.000306
42.5;47.63;-0.24;0.01
42.52;47.15;-0.25;-0.23
42.54;46.63;-0.25;-0.01
42.56;46.13;-0.25;0.11
42.58;45.63;-0.25;-0.01
42.6;45.13;-0.25;0.1
42.62;44.63;-0.25;0.22
42.64;44.15;-0.24;0.11
42.66;43.67;-0.24;0.1
42.68;43.18;-0.24;0.22
42.7;42.72;-0.23;0.21
42.72;42.25;-0.23;0.32
42.74;41.8;-0.22;0.33
42.76;41.37;-0.22;0.2
42.78;40.94;-0.21;0.42
42.8;40.53;-0.2;0.55
42.82;40.15;-0.19;0.32
42.84;39.77;-0.19;0.31
42.86;39.41;-0.18;0.54
42.88;39.06;-0.16;0.54
42.9;38.75;-0.16;0.42
42.92;38.44;-0.15;0.54
42.94;38.16;-0.13;0.54
42.96;37.9;-0.13;0.54
42.98;37.66;-0.11;0.54
43;37.46;-0.1;0.53
43.02;37.25;-0.09;0.76
43.04;37.09;-0.07;0.65
43.06;36.95;-0.07;0.53
43.08;36.83;-0.05;0.65
43.1;36.74;-0.04;0.65
43.12;36.67;-0.03;0.65
43.14;36.64;-0.01;0.54
43.16;36.62;0;0.53
43.18;36.62;0.01;0.75
43.2;36.65;0.03;0.76
43.22;36.72;0.04;0.53
43.24;36.8;0.05;0.64
43.26;36.9;0.06;0.76
43.28;37.06;0.08;0.54
43.3;37.21;0.09;0.54
43.32;37.4;0.1;0.54
43.34;37.6;0.11;0.53
43.36;37.83;0.12;0.76
43.38;38.08;0.14;-1.61
43.4;38.38;0.06;0.2
43.42;38.3;0.15;4.85
43.44;38.96;0.25;0.68
43.46;39.3;0.17;-1.95
43.48;39.64;0.17;-1.52
43.5;39.98;0.11;-1.38
43.52;40.09;0.12;2.12
43.54;40.45;0.2;4.62
43.56;40.87;0.3;2.84
43.58;41.65;0.31;-1.82
43.6;42.11;0.23;-2.06
43.62;42.56;0.23;0.21
43.64;43.02;0.24;0.34
43.66;43.5;0.24;0.11
43.68;43.98;0.24;0.1
43.7;44.46;0.24;0.22
43.72;44.96;0.25;0.11
43.74;45.46;0.25;-1.14E-12
43.76;45.96;0.25;-1.11E-12
43.78;46.46;0.25;0.01
43.8;46.96;0.25;-0.11
43.82;47.46;0.24;-0.11
43.84;47.94;0.24;0.01
43.86;48.44;0.25;-0.1
43.88;48.92;0.24;-0.21
43.9;49.4;0.24;-0.21
43.92;49.86;0.23;-0.21
43.94;50.33;0.23;-0.21
43.96;50.78;0.22;-0.21
43.98;51.22;0.22;-0.31
44;51.66;0.21;-0.43
44.02;52.07;0.2;-0.44
44.04;52.47;0.19;-0.32
44.06;52.84;0.19;-0.31
44.08;53.22;0.18;-0.55
44.1;53.57;0.17;-0.44
44.12;53.9;0.16;-0.31
44.14;54.23;0.16;-0.53
44.16;54.52;0.14;-0.65
44.18;54.8;0.13;-0.55
44.2;55.04;0.12;-0.42
44.22;55.28;0.11;-0.53
44.24;55.49;0.1;-0.64
44.26;55.68;0.09;-0.64
44.28;55.84;0.07;-0.64
44.3;55.98;0.06;-0.65
44.32;56.08;0.05;-0.54
44.34;56.17;0.04;-0.53
44.36;56.24;0.03;-0.64
44.38;56.28;0.01;-0.64
44.4;56.3;0;-0.65
44.42;56.28;-0.01;-0.53
44.44;56.25;-0.02;-0.64
44.46;56.2;-0.04;-0.77
44.48;56.1;-0.05;-0.54
44.5;56;-0.06;-0.53
44.52;55.86;-0.07;-0.65
44.54;55.71;-0.08;-0.65
44.56;55.52;-0.1;-0.65
44.58;55.32;-0.11;-0.55
44.6;55.08;-0.12;-0.42
44.62;54.84;-0.13;-0.53
44.64;54.56;-0.14;-0.65
44.66;54.27;-0.15;-0.56
44.68;53.95;-0.16;-0.31
44.7;53.62;-0.17;-0.42
44.72;53.28;-0.18;-0.55
44.74;52.9;-0.19;-0.32
44.76;52.52;-0.19;-0.31
44.78;52.13;-0.2;-0.44
44.8;51.72;-0.21;-0.32
44.82;51.29;-0.21;-0.32
44.84;50.86;-0.22;-0.33
44.86;50.39;-0.23;-0.22
44.88;49.95;-0.23;-0.22
44.9;49.47;-0.24;-0.1
44.92;49;-0.24;-0.22
44.94;48.52;-0.25;-0.23
44.96;48.02;-0.25;0.01
44.98;47.54;-0.24;-0.11
45;47.04;-0.25;-0.12
45.02;46.54;-0.25;-0.01
45.04;46.04;-0.25;0.11
45.06;45.54;-0.25;0.11
45.08;45.06;-0.25;-0.01
45.1;44.56;-0.25;0.11
45.12;44.08;-0.24;0.1
45.14;43.6;-0.24;0.21
45.16;43.11;-0.23;0.34
45.18;42.67;-0.23;0.2
45.2;42.2;-0.22;-1.49
45.22;41.77;-0.29;-0.09
45.24;41.05;-0.23;3.48
45.26;40.86;-0.15;0.97
45.28;40.46;-0.19;-1.05
45.3;40.1;-0.19;0.41
45.32;39.7;-0.17;0.78
45.34;39.41;-0.16;0.22
45.36;39.06;-0.16;0.2
45.38;38.75;-0.15;0.54
45.4;38.46;-0.14;0.54
45.42;38.18;-0.13;0.54
45.44;37.94;-0.12;0.44
45.46;37.7;-0.11;0.32
45.48;37.49;-0.11;0.39
45.5;37.26;-0.1;-0.77
45.52;37.1;-0.14;-2.73
45.54;36.71;-0.21;0.01
45.56;36.28;-0.14;4.07
45.58;36.16;-0.04;4.49
45.6;36.11;0.04;2.88
45.62;36.32;0.07;1.12
45.64;36.4;0.09;0.29
45.66;36.67;0.08;-1.3
45.68;36.74;0.03;-1.15
45.7;36.8;0.04;0.42
45.72;36.89;0.05;0.65
45.74;37.01;0.06;0.54
45.76;37.14;0.07;0.53
45.78;37.3;0.09;0.76
45.8;37.48;0.1;0.66
45.82;37.71;0.11;0.42
45.84;37.93;0.12;0.54
45.86;38.19;0.13;0.54
45.88;38.46;0.14;0.42
45.9;38.75;0.15;0.54
45.92;39.06;0.16;0.54
45.94;39.4;0.17;0.43
45.96;39.74;0.18;0.43
45.98;40.12;0.19;0.43
46;40.5;0.2;0.44
46.02;40.91;0.21;0.32
46.04;41.32;0.21;0.32
46.06;41.75;0.22;0.33
46.08;42.2;0.22;0.21
46.1;42.64;0.23;0.21
46.12;43.11;0.23;0.21
46.14;43.57;0.24;0.21
46.16;44.05;0.24;0.21
46.18;44.53;0.24;0.23
46.2;45.03;0.25;0.01
46.22;45.53;0.24;-0.12
46.24;46.01;0.24;0.11
46.26;46.51;0.25;0.12
46.28;47.01;0.25;-0.11
46.3;47.51;0.24;-0.11
46.32;47.99;0.24;0.02
46.34;48.49;0.25;-0.21
46.36;48.97;0.24;-0.34
46.38;49.43;0.23;-0.11
46.4;49.9;0.23;-0.09
46.42;50.36;0.23;-0.31
46.44;50.81;0.22;-0.44
46.46;51.24;0.21;-0.33
46.48;51.66;0.21;-0.21
46.5;52.07;0.2;-0.21
46.52;52.46;0.2;-0.31
46.54;52.86;0.19;-0.54
46.56;53.22;0.18;-0.54
46.58;53.57;0.17;-0.43
46.6;53.9;0.16;-0.42
46.62;54.21;0.15;-0.54
46.64;54.5;0.14;-0.55
46.66;54.76;0.13;-0.42
46.68;55.02;0.12;-0.53
46.7;55.25;0.11;-0.65
46.72;55.46;0.1;-0.54
46.74;55.63;0.09;-0.53
46.76;55.8;0.07;-0.64
46.78;55.92;0.06;-0.64
46.8;56.05;0.05;-0.65
46.82;56.12;0.04;-0.53
46.84;56.19;0.03;-0.64
46.86;56.23;0.01;-0.77
46.88;56.23;0;-0.54
46.9;56.21;-0.01;-0.53
46.92;56.18;-0.02;-0.65
46.94;56.11;-0.04;-0.65
46.96;56.03;-0.05;-0.65
46.98;55.91;-0.06;-0.54
47;55.77;-0.07;-0.52
47.02;55.62;-0.08;-0.76
47.04;55.44;-0.1;-0.66
47.06;55.21;-0.11;-0.42
47.08;54.99;-0.12;-0.54
47.1;54.74;-0.13;-0.55
47.12;54.46;-0.14;-0.43
47.14;54.17;-0.15;-0.42
47.16;53.86;-0.16;-0.54
47.18;53.54;-0.17;-0.55
47.2;53.18;-0.18;-0.32
47.22;52.82;-0.18;-0.31
47.24;52.44;-0.19;-0.43
47.26;52.04;-0.2;-0.44
47.28;51.63;-0.21;-0.32
47.3;51.2;-0.21;-0.32
47.32;50.77;-0.22;-0.34
47.34;50.31;-0.23;-0.1
47.36;49.86;-0.23;-0.22
47.38;49.4;-0.24;-0.22
47.4;48.92;-0.24;-0.1
47.42;48.45;-0.24;-0.22
47.44;47.95;-0.25;-0.12
47.46;47.47;-0.25;1.05E-12
47.48;46.97;-0.25;0.01
47.5;46.49;-0.24;-0.11
47.52;45.99;-0.25;-0.12
47.54;45.49;-0.25;0.1
47.56;44.99;-0.25;0.22
47.58;44.51;-0.24;0.22
47.6;44.03;-0.24;0.11
47.62;43.56;-0.24;0.1
47.64;43.08;-0.23;0.22
47.66;42.63;-0.23;0.21
47.68;42.17;-0.22;0.32
47.7;41.74;-0.22;0.32
47.72;41.3;-0.21;0.32
47.74;40.89;-0.2;0.43
47.76;40.49;-0.19;0.44
47.78;40.11;-0.19;0.32
47.8;39.75;-0.18;0.31
47.82;39.39;-0.17;0.54
47.84;39.06;-0.16;0.54
47.86;38.75;-0.15;0.42
47.88;38.46;-0.14;0.53
47.9;38.18;-0.13;0.65
47.92;37.94;-0.12;0.54
47.94;37.71;-0.11;0.42
47.96;37.51;-0.1;0.53
47.98;37.32;-0.09;0.65
48;37.16;-0.07;0.65
48.02;37.02;-0.06;0.65
48.04;36.92;-0.05;0.65
48.06;36.83;-0.04;0.65
48.08;36.78;-0.02;0.54
48.1;36.74;-0.01;0.53
48.12;36.72;-0.000918;0.75
48.14;36.74;0.02;0.76
48.16;36.79;0.03;0.54
48.18;36.85;0.04;0.53
48.2;36.94;0.05;0.64
48.22;37.06;0.06;0.64
48.24;37.19;0.08;0.65
48.26;37.37;0.09;0.54
48.28;37.55;0.1;0.53
48.3;37.76;0.11;0.65
48.32;38;0.12;0.54
48.34;38.25;0.13;0.54
48.36;38.53;0.15;0.54
48.38;38.84;0.15;0.43
48.4;39.14;0.16;0.43
48.42;39.49;0.17;0.42
48.44;39.83;0.18;0.54
48.46;40.21;0.19;0.44
48.48;40.6;0.2;0.21
48.5;41;0.2;0.32
48.52;41.41;0.21;0.43
48.54;41.84;0.22;0.44
48.56;42.28;0.23;0.22
48.58;42.75;0.23;0.09
48.6;43.19;0.23;0.33
48.62;43.67;0.24;0.23
48.64;44.16;0.24;-0.01
48.66;44.64;0.24;0.11
48.68;45.12;0.24;0.11
48.7;45.62;0.24;-0.01
48.72;46.1;0.24;0.11
48.74;46.6;0.25;0.01
48.76;47.1;0.24;-0.11
48.78;47.58;0.24;0.02
48.8;48.07;0.25;-0.21
48.82;48.56;0.24;-0.23
48.84;49.02;0.24;0.02
48.86;49.5;0.24;-0.21
48.88;49.97;0.23;-0.33
48.9;50.41;0.22;-0.21
48.92;50.86;0.22;-0.32
48.94;51.29;0.21;-0.32
48.96;51.71;0.21;-0.31
48.98;52.12;0.2;-0.44
49;52.5;0.19;-0.32
49.02;52.88;0.19;-0.31
49.04;53.24;0.18;-0.43
49.06;53.59;0.17;-0.42
49.08;53.91;0.16;-0.54
49.1;54.23;0.15;-0.55
49.12;54.5;0.14;-0.42
49.14;54.78;0.13;-0.53
49.16;55.02;0.12;-0.64
49.18;55.25;0.1;-0.65
49.2;55.44;0.09;-0.55
49.22;55.61;0.08;-0.42
49.24;55.77;0.07;-0.53
49.26;55.91;0.06;-0.64
49.28;56.01;0.05;-0.64
49.3;56.1;0.04;-0.76
49.32;56.16;0.02;-0.66
49.34;56.17;0.01;-0.41
49.36;56.19;0;-0.64
49.38;56.18;-0.02;-0.76
49.4;56.13;-0.03;-0.65
49.42;56.06;-0.04;-0.65
49.44;55.96;-0.06;-0.54
49.46;55.84;-0.06;-0.53
49.48;55.71;-0.08;-0.65
49.5;55.54;-0.09;-0.54
49.52;55.35;-0.1;-0.53
49.54;55.15;-0.11;-0.65
49.56;54.91;-0.12;-0.55
49.58;54.65;-0.13;-0.43
49.6;54.38;-0.14;-0.42
49.62;54.08;-0.15;-0.53
49.64;53.78;-0.16;-0.66
49.66;53.43;-0.18;-0.44
49.68;53.07;-0.18;-0.31
49.7;52.71;-0.19;-0.44
49.72;52.32;-0.2;-0.33
49.74;51.92;-0.2;-0.21
49.76;51.51;-0.21;-0.32
49.78;51.1;-0.21;-0.44
49.8;50.65;-0.22;-0.34
49.82;50.21;-0.23;-0.11
49.84;49.74;-0.23;-0.09
49.86;49.3;-0.23;-0.33
49.88;48.81;-0.24;-0.23
49.9;48.33;-0.24;0.01
49.92;47.85;-0.24;-0.1
49.94;47.37;-0.24;-0.23
49.96;46.87;-0.25;-0.01
49.98;46.37;-0.25;0.12
50;45.89;-0.24;-0.12
50.02;45.39;-0.25;0.09
50.04;44.89;-0.24;0.34
50.06;44.42;-0.24;0.000302
50.08;43.94;-0.24;-0.02
50.1;43.46;-0.24;0.32
50.12;42.99;-0.23;0.33
50.14;42.55;-0.22;0.22
50.16;42.1;-0.22;0.21
50.18;41.67;-0.22;0.32
50.2;41.23;-0.21;0.44
50.22;40.84;-0.2;0.32
50.24;40.44;-0.19;0.32
50.26;40.06;-0.19;0.43
50.28;39.7;-0.18;0.42
50.3;39.36;-0.17;0.54
50.32;39.03;-0.16;0.55
50.34;38.73;-0.15;0.32
50.36;38.44;-0.14;0.41
50.38;38.16;-0.13;0.76
50.4;37.92;-0.11;0.66
50.42;37.71;-0.1;0.42
50.44;37.51;-0.1;0.53
50.46;37.33;-0.08;0.65
50.48;37.18;-0.07;0.65
50.5;37.05;-0.06;0.54
50.52;36.95;-0.05;0.53
50.54;36.86;-0.04;0.75
50.56;36.81;-0.02;0.76
50.58;36.79;0;0.54
50.6;36.79;0;0.53
50.62;36.81;0.02;0.64
50.64;36.86;0.03;0.64
50.66;36.92;0.04;0.65
50.68;37.03;0.06;0.54
50.7;37.14;0.06;0.53
50.72;37.28;0.08;0.64
50.74;37.45;0.09;0.64
50.76;37.64;0.1;0.65
50.78;37.86;0.12;0.54
50.8;38.1;0.12;0.54
50.82;38.36;0.14;0.54
50.84;38.65;0.15;0.42
50.86;38.94;0.15;0.54
50.88;39.27;0.17;0.44
50.9;39.61;0.17;0.31
50.92;39.95;0.18;0.54
50.94;40.33;0.19;0.44
50.96;40.72;0.2;0.21
50.98;41.12;0.2;0.32
51;41.53;0.21;0.44
51.02;41.96;0.22;0.21
51.04;42.41;0.22;0.19
51.06;42.83;0.23;0.55
51.08;43.31;0.24;0.34
51.1;43.79;0.24;1.03E-12
51.12;44.28;0.24;-1.17E-12
51.14;44.76;0.24;-0.01
51.16;45.24;0.24;0.1
51.18;45.72;0.24;0.23
51.2;46.22;0.25;0.01
51.22;46.72;0.24;-0.11
51.24;47.2;0.24;0.02
51.26;47.7;0.25;-0.21
51.28;48.18;0.24;-0.23
51.3;48.64;0.24;0.01
51.32;49.12;0.24;-0.1
51.34;49.59;0.23;-0.21
51.36;50.05;0.23;-0.32
51.38;50.5;0.22;-0.33
51.4;50.93;0.22;-0.21
51.42;51.36;0.21;-0.32
51.44;51.78;0.2;-0.32
51.46;52.17;0.2;-0.31
51.48;52.57;0.19;-0.43
51.5;52.93;0.18;-0.43
51.52;53.29;0.17;-0.43
51.54;53.62;0.16;-0.42
51.56;53.95;0.16;-0.54
51.58;54.24;0.14;-0.55
51.6;54.52;0.13;-0.42
51.62;54.78;0.13;-0.54
51.64;55.02;0.11;-0.54
51.66;55.23;0.1;-0.53
51.68;55.44;0.09;-0.65
51.7;55.6;0.08;-0.53
51.72;55.75;0.07;-0.64
51.74;55.88;0.05;-0.65
51.76;55.96;0.04;-0.53
51.78;56.05;0.03;-0.65
51.8;56.09;0.02;-0.53
51.82;56.12;0.01;-0.64
51.84;56.13;-0.01;-0.77
51.86;56.09;-0.02;-0.54
51.88;56.04;-0.03;-0.53
51.9;55.98;-0.04;-0.65
51.92;55.88;-0.05;-0.65
51.94;55.76;-0.07;-0.65
51.96;55.6;-0.08;-0.54
51.98;55.43;-0.09;-0.54
52;55.25;-0.1;-0.55
52.02;55.02;-0.11;-0.41
52.04;54.8;-0.12;-0.65
52.06;54.55;-0.14;-0.66
52.08;54.25;-0.15;-0.43
52.1;53.96;-0.15;-0.43
52.12;53.64;-0.16;-0.43
52.14;53.31;-0.17;-0.43
52.16;52.95;-0.18;-0.43
52.18;52.59;-0.19;-0.44
52.2;52.2;-0.2;-0.32
52.22;51.8;-0.2;-0.32
52.24;51.39;-0.21;-0.33
52.26;50.96;-0.21;-0.22
52.28;50.53;-0.22;-0.22
52.3;50.08;-0.22;-0.21
52.32;49.64;-0.23;-0.33
52.34;49.17;-0.24;-0.23
52.36;48.69;-0.24;0.01
52.38;48.23;-0.24;-0.22
52.4;47.75;-0.25;-0.24
52.42;47.25;-0.25;0.11
52.44;46.77;-0.24;0.01
52.46;46.28;-0.25;-0.12
52.48;45.78;-0.25;0.11
52.5;45.3;-0.24;0.11
52.52;44.82;-0.24;-0.01
52.54;44.34;-0.24;0.09
52.56;43.86;-0.24;0.33
52.58;43.39;-0.23;0.22
52.6;42.94;-0.23;0.09
52.62;42.48;-0.22;0.32
52.64;42.05;-0.22;0.32
52.66;41.61;-0.21;0.32
52.68;41.2;-0.2;0.32
52.7;40.8;-0.2;0.32
52.72;40.41;-0.19;0.44
52.74;40.05;-0.18;0.32
52.76;39.68;-0.18;0.42
52.78;39.34;-0.16;0.66
52.8;39.03;-0.15;0.44
52.82;38.73;-0.15;0.3
52.84;38.44;-0.14;0.65
52.86;38.18;-0.12;0.66
52.88;37.96;-0.11;0.42
52.9;37.73;-0.1;0.53
52.92;37.54;-0.09;0.65
52.94;37.37;-0.08;0.65
52.96;37.23;-0.06;0.54
52.98;37.11;-0.06;0.53
53;37;-0.04;0.65
53.02;36.93;-0.03;0.65
53.04;36.88;-0.02;0.65
53.06;36.86;0;0.65
53.08;36.86;0.01;0.64
53.1;36.89;0.02;0.64
53.12;36.94;0.03;0.65
53.14;37.03;0.05;0.54
53.16;37.13;0.06;0.53
53.18;37.25;0.07;0.65
53.2;37.4;0.08;0.54
53.22;37.57;0.09;0.53
53.24;37.76;0.1;0.65
53.26;37.98;0.12;0.54
53.28;38.22;0.12;0.54
53.3;38.48;0.14;0.54
53.32;38.77;0.15;0.42
53.34;39.06;0.15;0.54
53.36;39.39;0.17;0.44
53.38;39.73;0.17;0.31
53.4;40.07;0.18;0.54
53.42;40.45;0.19;0.44
53.44;40.84;0.2;0.21
53.46;41.24;0.2;0.32
53.48;41.65;0.21;0.44
53.5;42.08;0.22;0.33
53.52;42.53;0.22;0.21
53.54;42.97;0.23;0.22
53.56;43.44;0.23;0.11
53.58;43.9;0.23;0.1
53.6;44.36;0.24;0.21
53.62;44.84;0.24;0.22
53.64;45.32;0.24;0.12
53.66;45.82;0.25;-0.11
53.68;46.3;0.24;-0.11
53.7;46.79;0.24;2.14E-12
53.72;47.27;0.24;2.17E-12
53.74;47.75;0.24;0.01
53.76;48.23;0.24;-0.1
53.78;48.71;0.24;-0.21
53.8;49.18;0.23;-0.21
53.82;49.64;0.23;-0.21
53.84;50.09;0.22;-0.21
53.86;50.54;0.22;-0.32
53.88;50.97;0.21;-0.33
53.9;51.38;0.21;-0.21
53.92;51.79;0.2;-0.31
53.94;52.19;0.19;-0.43
53.96;52.57;0.19;-0.43
53.98;52.93;0.18;-0.44
54;53.28;0.17;-0.32
54.02;53.6;0.16;-0.31
54.04;53.93;0.16;-0.53
54.06;54.23;0.14;-0.65
54.08;54.5;0.13;-0.55
54.1;54.75;0.12;-0.42
54.12;54.99;0.11;-0.53
54.14;55.2;0.1;-0.64
54.16;55.39;0.09;-0.65
54.18;55.54;0.07;-0.54
54.2;55.68;0.07;-0.54
54.22;55.81;0.05;-0.54
54.24;55.89;0.04;-0.52
54.26;55.98;0.03;-0.76
54.28;56.02;0.01;-0.65
54.3;56.04;0.01;-0.53
54.32;56.04;-0.01;-0.65
54.34;56.01;-0.02;-0.65
54.36;55.96;-0.03;-0.65
54.38;55.87;-0.05;-0.55
54.4;55.77;-0.06;-0.41
54.42;55.65;-0.06;-0.64
54.44;55.52;-0.08;-0.77
54.46;55.33;-0.09;-0.54
54.48;55.14;-0.1;-0.54
54.5;54.92;-0.12;-0.55
54.52;54.68;-0.12;-0.42
54.54;54.43;-0.13;-0.54
54.56;54.15;-0.15;-0.55
54.58;53.84;-0.15;-0.43
54.6;53.54;-0.16;-0.43
54.62;53.19;-0.17;-0.43
54.64;52.85;-0.18;-0.44
54.66;52.47;-0.19;-0.32
54.68;52.09;-0.19;-0.31
54.7;51.7;-0.2;-0.44
54.72;51.29;-0.21;-0.33
54.74;50.86;-0.21;-0.22
54.76;50.43;-0.22;-0.22
54.78;49.98;-0.22;-0.22
54.8;49.54;-0.23;-0.22
54.82;49.07;-0.23;-0.22
54.84;48.61;-0.24;-0.22
54.86;48.12;-0.24;-0.12
54.88;47.64;-0.24;2.04E-12
54.9;47.16;-0.24;-2E-12
54.92;46.68;-0.24;-2.04E-12
54.94;46.2;-0.24;2E-12
54.96;45.72;-0.24;2.11E-12
54.98;45.23;-0.24;-0.01
55;44.75;-0.24;0.1
55.02;44.27;-0.24;0.22
55.04;43.8;-0.23;0.22
55.06;43.34;-0.23;0.22
55.08;42.89;-0.22;0.22
55.1;42.44;-0.22;0.21
55.12;42.01;-0.22;0.32
55.14;41.58;-0.21;0.44
55.16;41.18;-0.2;0.33
55.18;40.79;-0.19;0.21
55.2;40.41;-0.19;0.31
55.22;40.03;-0.18;0.54
55.24;39.68;-0.17;0.54
55.26;39.35;-0.16;0.43
55.28;39.04;-0.15;0.43
55.3;38.75;-0.14;0.43
55.32;38.47;-0.13;0.42
55.34;38.21;-0.13;0.53
55.36;37.97;-0.11;0.65
55.38;37.76;-0.1;0.65
55.4;37.57;-0.09;0.65
55.42;37.42;-0.07;0.54
55.44;37.28;-0.07;0.53
55.46;37.16;-0.05;0.65
55.48;37.07;-0.04;0.54
55.5;37;-0.03;0.53
55.52;36.95;-0.02;0.65
55.54;36.93;0;0.65
55.56;36.93;0.01;0.64
55.58;36.96;0.02;0.64
55.6;37.01;0.03;0.64
55.62;37.09;0.05;0.65
55.64;37.2;0.06;0.54
55.66;37.33;0.07;0.42
55.68;37.47;0.08;0.64
55.7;37.64;0.09;0.76
55.72;37.84;0.11;0.54
55.74;38.07;0.12;0.42
55.76;38.31;0.12;0.54
55.78;38.56;0.14;0.54
55.8;38.86;0.15;0.42
55.82;39.15;0.15;0.54
55.84;39.47;0.17;0.55
55.86;39.81;0.18;0.32
55.88;40.18;0.18;0.32
55.9;40.53;0.19;0.43
55.92;40.93;0.2;0.43
55.94;41.32;0.21;0.44
55.96;41.75;0.21;0.22
55.98;42.18;0.21;0.09
56;42.61;0.22;0.32
56.02;43.06;0.23;0.33
56.04;43.52;0.23;0.22
56.06;43.98;0.24;0.11
56.08;44.47;0.24;-0.01
56.1;44.93;0.24;0.1
56.12;45.41;0.24;0.22
56.14;45.89;0.24;0.12
56.16;46.39;0.25;-0.11
56.18;46.87;0.24;-0.11
56.2;47.35;0.24;-0.11
56.22;47.84;0.24;-0.11
56.24;48.3;0.24;0.02
56.26;48.78;0.24;-0.21
56.28;49.25;0.23;-0.34
56.3;49.69;0.22;-0.11
56.32;50.14;0.22;-0.09
56.34;50.59;0.22;-0.31
56.36;51.02;0.21;-0.44
56.38;51.43;0.2;-0.33
56.4;51.83;0.2;-0.21
56.42;52.22;0.19;-0.31
56.44;52.6;0.19;-0.43
56.46;52.97;0.18;-0.42
56.48;53.31;0.17;-0.54
56.5;53.64;0.16;-0.55
56.52;53.93;0.15;-0.31
56.54;54.23;0.14;-0.41
56.56;54.5;0.13;-0.65
56.58;54.75;0.12;-0.55
56.6;54.97;0.11;-0.42
56.62;55.18;0.1;-0.53
56.64;55.37;0.09;-0.64
56.66;55.53;0.07;-0.64
56.68;55.67;0.06;-0.65
56.7;55.77;0.05;-0.55
56.72;55.86;0.04;-0.42
56.74;55.93;0.03;-0.52
56.76;55.98;0.02;-0.75
56.78;56;0;-0.77
56.8;55.99;-0.01;-0.54
56.82;55.96;-0.02;-0.53
56.84;55.91;-0.03;-0.65
56.86;55.82;-0.05;-0.65
56.88;55.72;-0.06;-0.66
56.9;55.59;-0.07;-0.43
56.92;55.43;-0.08;-0.4
56.94;55.28;-0.09;-0.76
56.96;55.08;-0.11;-0.66
56.98;54.85;-0.12;-0.42
57;54.61;-0.12;-0.54
57.02;54.36;-0.14;-0.55
57.04;54.07;-0.15;-0.43
57.06;53.78;-0.15;-0.43
57.08;53.45;-0.16;-0.43
57.1;53.12;-0.17;-0.43
57.12;52.76;-0.18;-0.43
57.14;52.4;-0.19;-0.44
57.16;52.01;-0.2;-0.32
57.18;51.61;-0.2;-0.32
57.2;51.2;-0.21;-0.34
57.22;50.77;-0.22;-0.1
57.24;50.34;-0.21;-0.2
57.26;49.91;-0.22;-0.45
57.28;49.45;-0.23;-0.23
57.3;48.98;-0.23;0.01
57.32;48.52;-0.23;-0.1
57.34;48.06;-0.24;-0.22
57.36;47.57;-0.24;-0.12
57.38;47.09;-0.24;1.1E-12
57.4;46.61;-0.24;1.14E-12
57.42;46.13;-0.24;-3.47E-14
57.44;45.65;-0.24;-0.01
57.46;45.16;-0.24;0.11
57.48;44.68;-0.24;0.11
57.5;44.22;-0.24;0.09
57.52;43.73;-0.23;0.33
57.54;43.29;-0.22;0.22
57.56;42.84;-0.22;0.1
57.58;42.39;-0.22;0.21
57.6;41.96;-0.22;0.32
57.62;41.53;-0.21;0.44
57.64;41.13;-0.2;0.32
57.66;40.73;-0.19;0.32
57.68;40.36;-0.19;0.43
57.7;39.99;-0.18;0.43
57.72;39.65;-0.17;0.43
57.74;39.32;-0.16;0.42
57.76;39.01;-0.15;0.54
57.78;38.71;-0.14;0.54
57.8;38.46;-0.13;0.42
57.82;38.2;-0.12;0.54
57.84;37.97;-0.11;0.54
57.86;37.76;-0.1;0.53
57.88;37.57;-0.09;0.65
57.9;37.42;-0.07;0.65
57.92;37.28;-0.06;0.65
57.94;37.17;-0.05;0.54
57.96;37.09;-0.04;0.53
57.98;37.02;-0.03;0.65
58;36.98;-0.01;0.65
58.02;36.96;-0.000693;0.64
58.04;36.98;0.01;0.65
58.06;37.01;0.03;0.54
58.08;37.08;0.03;0.53
58.1;37.15;0.05;0.76
58.12;37.26;0.06;0.54
58.14;37.4;0.07;0.41
58.16;37.54;0.08;0.76
58.18;37.73;0.1;0.66
58.2;37.93;0.11;0.42
58.22;38.15;0.12;0.53
58.24;38.39;0.13;0.66
58.26;38.67;0.14;0.44
58.28;38.96;0.15;0.31
58.3;39.25;0.15;0.54
58.32;39.57;0.17;0.54
58.34;39.92;0.18;0.43
58.36;40.28;0.18;0.44
58.38;40.65;0.19;0.33
58.4;41.05;0.2;0.21
58.42;41.44;0.2;0.32
58.44;41.86;0.21;0.44
58.46;42.28;0.22;0.33
58.48;42.73;0.22;0.21
58.5;43.18;0.23;0.22
58.52;43.64;0.23;0.11
58.54;44.11;0.23;0.1
58.56;44.57;0.24;0.22
58.58;45.05;0.24;0.11
58.6;45.53;0.24;-1.1E-12
58.62;46.01;0.24;0
58.64;46.49;0.24;0.01
58.66;46.97;0.24;-0.11
58.68;47.46;0.24;-0.11
58.7;47.92;0.24;0.01
58.72;48.4;0.24;-0.1
58.74;48.87;0.23;-0.21
58.76;49.33;0.23;-0.21
58.78;49.78;0.22;-0.21
58.8;50.23;0.22;-0.21
58.82;50.66;0.22;-0.21
58.84;51.09;0.21;-0.31
58.86;51.5;0.2;-0.44
58.88;51.9;0.19;-0.33
58.9;52.28;0.19;-0.2
58.92;52.66;0.19;-0.42
58.94;53.02;0.17;-0.54
58.96;53.35;0.16;-0.43
58.98;53.68;0.16;-0.43
59;53.97;0.15;-0.42
59.02;54.26;0.14;-0.54
59.04;54.52;0.13;-0.55
59.06;54.76;0.12;-0.42
59.08;54.99;0.11;-0.53
59.1;55.2;0.1;-0.64
59.12;55.37;0.08;-0.64
59.14;55.53;0.07;-0.65
59.16;55.65;0.06;-0.55
59.18;55.76;0.05;-0.42
59.2;55.84;0.04;-0.52
59.22;55.91;0.03;-0.75
59.24;55.95;0.01;-0.77
59.26;55.95;0;-0.54
59.28;55.94;-0.01;-0.53
59.3;55.91;-0.02;-0.65
59.32;55.84;-0.04;-0.54
59.34;55.75;-0.05;-0.53
59.36;55.65;-0.06;-0.65
59.38;55.52;-0.07;-0.65
59.4;55.36;-0.09;-0.55
59.42;55.18;-0.09;-0.41
59.44;54.99;-0.1;-0.65
59.46;54.77;-0.12;-0.66
59.48;54.51;-0.13;-0.43
59.5;54.25;-0.14;-0.43
59.52;53.96;-0.15;-0.42
59.54;53.67;-0.15;-0.54
59.56;53.35;-0.17;-0.55
59.58;53;-0.18;-0.32
59.6;52.64;-0.18;-0.31
59.62;52.28;-0.19;-0.44
59.64;51.89;-0.2;-0.32
59.66;51.49;-0.2;-0.32
59.68;51.08;-0.21;-0.33
59.7;50.65;-0.21;-0.22
59.72;50.22;-0.22;-0.22
59.74;49.77;-0.22;-0.22
59.76;49.33;-0.23;-0.22
59.78;48.86;-0.23;-0.11
59.8;48.4;-0.23;-0.1
59.82;47.94;-0.24;-0.22
59.84;47.45;-0.24;-0.12
59.86;46.97;-0.24;-0.01
59.88;46.49;-0.24;0.11
59.9;46.01;-0.24;0.12
59.92;45.54;-0.24;-0.11
59.94;45.06;-0.24;-0.01
59.96;44.58;-0.24;0.22
59.98;44.11;-0.23;0.22
60;43.65;-0.23;0.22
60.02;43.2;-0.22;0.22
60.04;42.75;-0.22;0.22
60.06;42.32;-0.22;0.21
60.08;41.89;-0.21;0.32
60.1;41.48;-0.2;0.32
60.12;41.08;-0.2;0.32
60.14;40.68;-0.19;0.44
60.16;40.32;-0.18;0.32
60.18;39.96;-0.18;0.42
60.2;39.61;-0.16;0.54
60.22;39.3;-0.16;0.42
60.24;38.99;-0.15;0.54
60.26;38.71;-0.13;0.43
60.28;38.46;-0.13;0.42
60.3;38.2;-0.12;0.65
60.32;37.99;-0.1;0.54
60.34;37.78;-0.1;0.53
60.36;37.61;-0.08;0.65
60.38;37.45;-0.07;0.54
60.4;37.33;-0.06;0.53
60.42;37.21;-0.05;0.76
60.44;37.14;-0.03;0.66
60.46;37.09;-0.02;0.42
60.48;37.05;-0.01;0.53
60.5;37.03;-0.000926;0.76
60.52;37.05;0.02;0.65
60.54;37.1;0.03;0.53
60.56;37.15;0.04;0.65
60.58;37.25;0.05;0.53
60.6;37.35;0.06;0.64
60.62;37.49;0.08;0.65
60.64;37.66;0.09;0.53
60.66;37.83;0.1;0.66
60.68;38.05;0.11;0.43
60.7;38.27;0.12;0.42
60.72;38.51;0.13;0.65
60.74;38.79;0.14;0.54
60.76;39.08;0.15;0.43
60.78;39.39;0.16;0.43
60.8;39.71;0.17;0.43
60.82;40.05;0.18;0.44
60.84;40.41;0.18;0.32
60.86;40.79;0.19;0.32
60.88;41.17;0.2;0.44
60.9;41.58;0.21;0.32
60.92;41.99;0.21;0.32
60.94;42.42;0.22;0.34
60.96;42.87;0.22;0.11
60.98;43.32;0.22;0.1
61;43.76;0.23;0.21
61.02;44.23;0.23;0.21
61.04;44.69;0.24;0.23
61.06;45.17;0.24;0.01
61.08;45.65;0.24;-0.12
61.1;46.12;0.24;0.11
61.12;46.6;0.24;0.01
61.14;47.08;0.24;-0.11
61.16;47.54;0.24;0.01
61.18;48.02;0.24;-0.1
61.2;48.49;0.23;-0.22
61.22;48.95;0.23;-0.11
61.24;49.4;0.23;-0.09
61.26;49.87;0.22;-0.32
61.28;50.3;0.22;-0.33
61.3;50.73;0.21;-0.21
61.32;51.14;0.21;-0.21
61.34;51.55;0.2;-0.31
61.36;51.95;0.19;-0.43
61.38;52.33;0.19;-0.43
61.4;52.69;0.18;-0.43
61.42;53.04;0.17;-0.43
61.44;53.36;0.16;-0.43
61.46;53.68;0.15;-0.43
61.48;53.97;0.14;-0.43
61.5;54.25;0.13;-0.42
61.52;54.5;0.13;-0.53
61.54;54.75;0.11;-0.66
61.56;54.96;0.1;-0.43
61.58;55.15;0.1;-0.4
61.6;55.34;0.08;-0.76
61.62;55.48;0.07;-0.65
61.64;55.6;0.06;-0.53
61.66;55.71;0.04;-0.65
61.68;55.78;0.03;-0.54
61.7;55.83;0.02;-0.53
61.72;55.87;0.01;-0.65
61.74;55.87;0;-0.54
61.76;55.85;-0.01;-0.52
61.78;55.82;-0.02;-0.76
61.8;55.75;-0.04;-0.66
61.82;55.65;-0.05;-0.41
61.84;55.55;-0.06;-0.65
61.86;55.42;-0.08;-0.66
61.88;55.24;-0.09;-0.42
61.9;55.07;-0.09;-0.53
61.92;54.87;-0.11;-0.65
61.94;54.65;-0.12;-0.55
61.96;54.39;-0.13;-0.42
61.98;54.13;-0.14;-0.54
62;53.84;-0.15;-0.55
62.02;53.53;-0.16;-0.32
62.04;53.21;-0.16;-0.31
62.06;52.88;-0.17;-0.55
62.08;52.52;-0.18;-0.45
62.1;52.14;-0.19;-0.21
62.12;51.77;-0.19;-0.31
62.14;51.37;-0.2;
