Messreihe #1	Messreihe #1	Messreihe #1	Messreihe #1	Messreihe #1	Messreihe #1	Messreihe #1	Messreihe #1	Messreihe #1
Zeit (s)	Winkel (rad)	Winkelgeschwindigkeit (rad/s)	Winkelbeschleunigung (rad/s²)	Position (m)	Geschwindigkeit (m/s)	Beschleunigung (m/s²)	Beleuchtungsstärke (lux)	Relative Intensität
0							0,1	5,95E-04
0,05	0			0			0,1	5,95E-04
0,1	0	0		0	0		0,1	5,95E-04
0,15	0	0	0	0	0	0	0,1	6,10E-04
0,2	0	0	0	0	0	0	0,1	5,95E-04
0,25	0	0	0	0	0	0	0,1	5,95E-04
0,3	0	0	0	0	0	0	0,1	5,95E-04
0,35	0	0	-0,157	0	0	-0,004	0,1	6,10E-04
0,4	0	-0,016	0	0	-3,75E-04	0	0,1	5,95E-04
0,45	-0,002	0	0,314	-3,75E-05	0	0,008	0,1	5,95E-04
0,5	0	0,016	0,157	0	3,75E-04	0,004	0,1	5,95E-04
0,55	0	0,016	6,94E-17	0	3,75E-04	2,17E-18	0,1	5,95E-04
0,6	0,002	0,016	-0,157	3,75E-05	3,75E-04	-0,004	0,1	5,95E-04
0,65	0,002	0	-0,157	3,75E-05	0	-0,004	0,1	5,95E-04
0,7	0,002	0	0	3,75E-05	0	0	0,1	5,95E-04
0,75	0,002	0	0	3,75E-05	0	0	0,1	5,95E-04
0,8	0,002	0	0	3,75E-05	0	0	0,1	5,95E-04
0,85	0,002	0	0	3,75E-05	0	0	0,1	6,10E-04
0,9	0,002	0	0	3,75E-05	0	0	0,1	5,95E-04
0,95	0,002	0	-0,157	3,75E-05	0	-0,004	0,1	5,95E-04
1	0,002	-0,016	-0,314	3,75E-05	-3,75E-04	-0,007	0,1	5,95E-04
1,05	0	-0,031	-0,471	0	-7,50E-04	-0,011	0,1	6,10E-04
1,1	-0,002	-0,063	-0,628	-3,75E-05	-0,001	-0,015	0,1	5,95E-04
1,15	-0,006	-0,094	-1,39E-15	-1,50E-04	-0,002	-3,25E-17	0,1	6,10E-04
1,2	-0,011	-0,063	0,942	-2,63E-04	-0,002	0,023	0,1	6,10E-04
1,25	-0,013	0	0,471	-3,00E-04	0	0,011	0,1	6,10E-04
1,3	-0,011	-0,016	-0,785	-2,63E-04	-3,75E-04	-0,019	0,1	6,10E-04
1,35	-0,014	-0,079	-0,785	-3,38E-04	-0,002	-0,019	0,1	6,10E-04
1,4	-0,019	-0,094	-0,157	-4,50E-04	-0,002	-0,004	0,1	6,10E-04
1,45	-0,024	-0,094	-0,471	-5,63E-04	-0,002	-0,011	0,1	6,10E-04
1,5	-0,028	-0,141	-0,628	-6,75E-04	-0,003	-0,015	0,1	6,41E-04
1,55	-0,038	-0,157	0,157	-9,00E-04	-0,004	0,004	0,1	6,26E-04
1,6	-0,044	-0,126	0,785	-0,001	-0,003	0,019	0,1	6,41E-04
1,65	-0,05	-0,079	0,628	-0,0012	-0,002	0,015	0,1	6,41E-04
1,7	-0,052	-0,063	-0,314	-0,0012	-0,001	-0,008	0,1	6,41E-04
1,75	-0,057	-0,11	-0,314	-0,0013	-0,003	-0,008	0,1	6,41E-04
1,8	-0,063	-0,094	0,314	-0,0015	-0,002	0,008	0,1	6,41E-04
1,85	-0,066	-0,079	-0,314	-0,0016	-0,002	-0,007	0,1	6,41E-04
1,9	-0,071	-0,126	-0,785	-0,0017	-0,003	-0,019	0,1	6,26E-04
1,95	-0,079	-0,157	-0,314	-0,0019	-0,004	-0,008	0,1	6,26E-04
2	-0,086	-0,157	0,157	-0,0021	-0,004	0,004	0,1	6,26E-04
2,05	-0,094	-0,141	0,785	-0,0022	-0,003	0,019	0,1	6,26E-04
2,1	-0,101	-0,079	0,785	-0,0024	-0,002	0,019	0,1	6,41E-04
2,15	-0,102	-0,063	3,47E-15	-0,0024	-0,002	8,46E-17	0,1	6,41E-04
2,2	-0,107	-0,079	-0,628	-0,0026	-0,002	-0,015	0,1	6,26E-04
2,25	-0,11	-0,126	-1,257	-0,0026	-0,003	-0,03	0,1	6,26E-04
2,3	-0,119	-0,204	-0,471	-0,0029	-0,005	-0,011	0,1	6,10E-04
2,35	-0,13	-0,173	0,785	-0,0031	-0,004	0,019	0,1	5,95E-04
2,4	-0,137	-0,126	0,628	-0,0033	-0,003	0,015	0,1	5,95E-04
2,45	-0,143	-0,11	0,471	-0,0034	-0,003	0,011	0,1	6,10E-04
2,5	-0,148	-0,079	-0,157	-0,0035	-0,002	-0,004	0,1	6,10E-04
2,55	-0,151	-0,126	-1,257	-0,0036	-0,003	-0,03	0,1	6,26E-04
2,6	-0,16	-0,204	-0,314	-0,0038	-0,005	-0,007	0,1	6,26E-04
2,65	-0,171	-0,157	1,257	-0,0041	-0,004	0,03	0,1	6,26E-04
2,7	-0,176	-0,079	1,1	-0,0042	-0,002	0,026	0,1	6,26E-04
2,75	-0,179	-0,047	-0,157	-0,0043	-0,001	-0,004	0,1	6,26E-04
2,8	-0,181	-0,094	-0,785	-0,0043	-0,002	-0,019	0,1	6,10E-04
2,85	-0,188	-0,126	-0,314	-0,0045	-0,003	-0,007	0,1	5,95E-04
2,9	-0,193	-0,126	-0,314	-0,0046	-0,003	-0,007	0,1	6,10E-04
2,95	-0,201	-0,157	-0,314	-0,0048	-0,004	-0,008	0,1	6,10E-04
3	-0,209	-0,157	-0,157	-0,005	-0,004	-0,004	0,1	6,26E-04
3,05	-0,217	-0,173	-6,94E-15	-0,0052	-0,004	-1,69E-16	0,1	6,41E-04
3,1	-0,226	-0,157	0,942	-0,0054	-0,004	0,022	0,1	6,56E-04
3,15	-0,232	-0,079	0,942	-0,0056	-0,002	0,023	0,1	6,56E-04
3,2	-0,234	-0,063	-0,471	-0,0056	-0,001	-0,011	0,1	6,56E-04
3,25	-0,239	-0,126	-1,1	-0,0057	-0,003	-0,026	0,1	6,56E-04
3,3	-0,247	-0,173	-0,628	-0,0059	-0,004	-0,015	0,1	6,71E-04
3,35	-0,256	-0,188	0,471	-0,0061	-0,005	0,011	0,1	6,71E-04
3,4	-0,265	-0,126	0,942	-0,0063	-0,003	0,022	0,1	6,71E-04
3,45	-0,269	-0,094	0,314	-0,0064	-0,002	0,008	0,1	6,71E-04
3,5	-0,275	-0,094	0,157	-0,0066	-0,002	0,004	0,1	6,56E-04
3,55	-0,278	-0,079	-0,157	-0,0066	-0,002	-0,004	0,1	6,56E-04
3,6	-0,283	-0,11	-1,414	-0,0068	-0,003	-0,034	0,1	6,41E-04
3,65	-0,289	-0,22	-0,785	-0,0069	-0,005	-0,019	0,1	6,26E-04
3,7	-0,305	-0,188	1,257	-0,0073	-0,005	0,03	0,1	6,41E-04
3,75	-0,308	-0,094	1,1	-0,0074	-0,002	0,026	0,1	6,26E-04
3,8	-0,314	-0,079	0,471	-0,0075	-0,002	0,011	0,1	6,41E-04
3,85	-0,316	-0,047	-0,314	-0,0075	-0,001	-0,007	0,1	6,41E-04
3,9	-0,319	-0,11	-1,257	-0,0076	-0,003	-0,03	0,1	6,41E-04
3,95	-0,327	-0,173	-0,628	-0,0078	-0,004	-0,015	0,1	6,56E-04
4	-0,336	-0,173	0,471	-0,008	-0,004	0,011	0,1	6,41E-04
4,05	-0,344	-0,126	0,471	-0,0082	-0,003	0,011	0,1	6,41E-04
4,1	-0,349	-0,126	-1,11E-14	-0,0083	-0,003	-2,69E-16	0,1	6,41E-04
4,15	-0,357	-0,126	0,471	-0,0085	-0,003	0,011	0,1	6,26E-04
4,2	-0,361	-0,079	0,157	-0,0086	-0,002	0,004	0,1	6,26E-04
4,25	-0,364	-0,11	-0,942	-0,0087	-0,003	-0,023	0,1	6,10E-04
4,3	-0,372	-0,173	-0,628	-0,0089	-0,004	-0,015	0,1	5,95E-04
4,35	-0,382	-0,173	0,314	-0,0091	-0,004	0,008	0,1	5,95E-04
4,4	-0,39	-0,141	0,471	-0,0093	-0,003	0,011	0,1	6,10E-04
4,45	-0,396	-0,126	0,471	-0,0095	-0,003	0,011	0,1	6,10E-04
4,5	-0,402	-0,094	0,157	-0,0096	-0,002	0,004	0,1	6,26E-04
4,55	-0,405	-0,11	-0,785	-0,0097	-0,003	-0,019	0,1	6,56E-04
4,6	-0,413	-0,173	-0,471	-0,0099	-0,004	-0,011	0,1	6,71E-04
4,65	-0,423	-0,157	0,471	-0,0101	-0,004	0,011	0,1	6,71E-04
4,7	-0,429	-0,126	0,314	-0,0102	-0,003	0,007	0,1	6,56E-04
4,75	-0,435	-0,126	0,157	-0,0104	-0,003	0,004	0,1	6,56E-04
4,8	-0,441	-0,11	0,314	-0,0105	-0,003	0,008	0,1	6,41E-04
4,85	-0,446	-0,094	-0,157	-0,0107	-0,002	-0,004	0,1	6,41E-04
4,9	-0,451	-0,126	-0,785	-0,0108	-0,003	-0,019	0,1	6,41E-04
4,95	-0,459	-0,173	-0,314	-0,011	-0,004	-0,008	0,1	6,41E-04
5	-0,468	-0,157	0,471	-0,0112	-0,004	0,011	0,1	6,56E-04
5,05	-0,474	-0,126	0,314	-0,0113	-0,003	0,008	0,1	6,41E-04
5,1	-0,481	-0,126	0,157	-0,0115	-0,003	0,004	0,1	6,41E-04
5,15	-0,487	-0,11	-1,11E-14	-0,0116	-0,003	-9,54E-17	0,1	6,41E-04
5,2	-0,492	-0,126	-0,785	-0,0117	-0,003	-0,019	0,1	6,41E-04
5,25	-0,5	-0,188	-0,314	-0,0119	-0,004	-0,007	0,1	6,41E-04
5,3	-0,511	-0,157	0,628	-0,0122	-0,004	0,015	0,1	6,71E-04
5,35	-0,515	-0,126	0,157	-0,0123	-0,003	0,004	0,1	6,87E-04
5,4	-0,523	-0,141	0	-0,0125	-0,003	-1,74E-16	0,1	7,02E-04
5,45	-0,529	-0,126	0,157	-0,0126	-0,003	0,004	0,1	7,02E-04
5,5	-0,536	-0,126	-0,471	-0,0128	-0,003	-0,011	0,1	7,02E-04
5,55	-0,542	-0,173	-0,471	-0,0129	-0,004	-0,011	0,1	7,02E-04
5,6	-0,553	-0,173	0,314	-0,0132	-0,004	0,007	0,1	7,02E-04
5,65	-0,559	-0,141	0,314	-0,0134	-0,003	0,007	0,1	7,02E-04
5,7	-0,567	-0,141	0,314	-0,0135	-0,003	0,008	0,1	7,17E-04
5,75	-0,573	-0,11	-0,157	-0,0137	-0,003	-0,004	0,1	7,17E-04
5,8	-0,578	-0,157	-0,628	-0,0138	-0,004	-0,015	0,1	7,17E-04
5,85	-0,589	-0,173	-1,39E-14	-0,0141	-0,004	-3,34E-16	0,1	7,17E-04
5,9	-0,595	-0,157	0	-0,0142	-0,004	1,74E-16	0,1	7,02E-04
5,95	-0,605	-0,173	0,314	-0,0144	-0,004	0,008	0,1	6,87E-04
6	-0,613	-0,126	0,471	-0,0146	-0,003	0,011	0,1	6,87E-04
6,05	-0,617	-0,126	-0,471	-0,0147	-0,003	-0,011	0,1	6,87E-04
6,1	-0,625	-0,173	-0,157	-0,0149	-0,004	-0,004	0,1	6,56E-04
6,15	-0,635	-0,141	0,628	-0,0152	-0,003	0,015	0,1	6,71E-04
6,2	-0,639	-0,11	-0,157	-0,0153	-0,003	-0,004	0,1	6,71E-04
6,25	-0,646	-0,157	-0,785	-0,0154	-0,004	-0,019	0,1	6,71E-04
6,3	-0,655	-0,188	-0,157	-0,0156	-0,004	-0,004	0,1	6,87E-04
6,35	-0,664	-0,173	0,628	-0,0159	-0,004	0,015	0,1	7,32E-04
6,4	-0,672	-0,126	0,314	-0,0161	-0,003	0,007	0,1	7,48E-04
6,45	-0,677	-0,141	-0,628	-0,0162	-0,003	-0,015	0,1	7,78E-04
6,5	-0,686	-0,188	-0,157	-0,0164	-0,004	-0,004	0,1	7,63E-04
6,55	-0,696	-0,157	0,471	-0,0166	-0,004	0,011	0,1	7,63E-04
6,6	-0,702	-0,141	-0,157	-0,0168	-0,003	-0,004	0,1	7,48E-04
6,65	-0,71	-0,173	-0,157	-0,017	-0,004	-0,004	0,1	7,32E-04
6,7	-0,719	-0,157	0,157	-0,0172	-0,004	0,004	0,1	7,48E-04
6,75	-0,726	-0,157	0,157	-0,0173	-0,004	0,004	0,1	7,48E-04
6,8	-0,735	-0,141	0,314	-0,0176	-0,003	0,008	0,1	7,48E-04
6,85	-0,74	-0,126	-0,471	-0,0177	-0,003	-0,011	0,1	7,48E-04
6,9	-0,748	-0,188	-0,314	-0,0179	-0,005	-0,008	0,1	7,17E-04
6,95	-0,759	-0,157	1,1	-0,0181	-0,004	0,026	0,1	7,02E-04
7	-0,763	-0,079	0,314	-0,0182	-0,002	0,008	0,1	7,02E-04
7,05	-0,767	-0,126	-0,471	-0,0183	-0,003	-0,011	0,1	7,17E-04
7,1	-0,776	-0,126	-1,11E-14	-0,0185	-0,003	-2,69E-16	0,1	7,32E-04
7,15	-0,779	-0,126	-0,942	-0,0186	-0,003	-0,023	0,1	7,48E-04
7,2	-0,789	-0,22	-0,628	-0,0188	-0,005	-0,015	0,1	7,63E-04
7,25	-0,801	-0,188	0,785	-0,0191	-0,005	0,019	0,1	7,32E-04
7,3	-0,807	-0,141	0,785	-0,0193	-0,003	0,019	0,1	7,17E-04
7,35	-0,815	-0,11	0,157	-0,0195	-0,003	0,004	0,1	7,02E-04
7,4	-0,818	-0,126	-0,628	-0,0195	-0,003	-0,015	0,1	7,02E-04
7,45	-0,828	-0,173	-0,471	-0,0198	-0,004	-0,011	0,1	7,63E-04
7,5	-0,836	-0,173	0,314	-0,02	-0,004	0,008	0,1	7,93E-04
7,55	-0,845	-0,141	0,314	-0,0202	-0,003	0,007	0,1	8,09E-04
7,6	-0,85	-0,141	-0,314	-0,0203	-0,003	-0,008	0,1	8,24E-04
7,65	-0,859	-0,173	-0,157	-0,0205	-0,004	-0,004	0,1	8,24E-04
7,7	-0,867	-0,157	-0,157	-0,0207	-0,004	-0,004	0,1	8,24E-04
7,75	-0,875	-0,188	0,314	-0,0209	-0,005	0,008	0,1	8,39E-04
7,8	-0,886	-0,126	0,942	-0,0212	-0,003	0,023	0,1	8,54E-04
7,85	-0,888	-0,094	-0,314	-0,0212	-0,002	-0,008	0,1	8,54E-04
7,9	-0,895	-0,157	-0,471	-0,0214	-0,004	-0,011	0,1	8,70E-04
7,95	-0,903	-0,141	0,314	-0,0216	-0,003	0,008	0,1	8,54E-04
8	-0,909	-0,126	-0,628	-0,0217	-0,003	-0,015	0,1	8,24E-04
8,05	-0,916	-0,204	-0,471	-0,0219	-0,005	-0,011	0,1	8,24E-04
8,1	-0,93	-0,173	0,785	-0,0222	-0,004	0,019	0,1	8,39E-04
8,15	-0,933	-0,126	0,157	-0,0223	-0,003	0,004	0,1	8,85E-04
8,2	-0,942	-0,157	-0,314	-0,0225	-0,004	-0,008	0,1	8,85E-04
8,25	-0,949	-0,157	-0,157	-0,0227	-0,004	-0,004	0,1	9,00E-04
8,3	-0,958	-0,173	0,314	-0,0229	-0,004	0,007	0,1	8,85E-04
8,35	-0,966	-0,126	0,628	-0,0231	-0,003	0,015	0,1	8,54E-04
8,4	-0,971	-0,11	-0,314	-0,0232	-0,003	-0,007	0,1	8,39E-04
8,45	-0,977	-0,157	-0,471	-0,0233	-0,004	-0,011	0,1	8,39E-04
8,5	-0,986	-0,157	0,157	-0,0236	-0,004	0,004	0,1	8,54E-04
8,55	-0,993	-0,141	-1,11E-14	-0,0237	-0,003	0	0,1	8,85E-04
8,6	-1,001	-0,157	3,91E-14	-0,0239	-0,004	1,20E-15	0,1	9,00E-04
8,65	-1,008	-0,141	0,314	-0,0241	-0,003	0,008	0,1	9,16E-04
8,7	-1,015	-0,126	0,157	-0,0242	-0,003	0,004	0,1	9,31E-04
8,75	-1,021	-0,126	-0,157	-0,0244	-0,003	-0,004	0,1	9,46E-04
8,8	-1,027	-0,141	-0,157	-0,0245	-0,003	-0,004	0,1	9,77E-04
8,85	-1,035	-0,141	0,314	-0,0247	-0,003	0,007	0,1	9,77E-04
8,9	-1,041	-0,11	0,314	-0,0249	-0,003	0,008	0,1	0
8,95	-1,046	-0,11	-0,157	-0,025	-0,003	-0,004	0,1	0
9	-1,052	-0,126	-0,157	-0,0251	-0,003	-0,004	0,1	9,92E-04
9,05	-1,059	-0,126	-0,157	-0,0253	-0,003	-0,004	0,1	9,77E-04
9,1	-1,065	-0,141	-0,157	-0,0254	-0,003	-0,004	0,1	9,00E-04
9,15	-1,073	-0,141	0,157	-0,0256	-0,003	0,004	0,1	8,85E-04
9,2	-1,079	-0,126	0,157	-0,0258	-0,003	0,004	0,1	8,70E-04
9,25	-1,085	-0,126	0	-0,0259	-0,003	0	0,1	8,85E-04
9,3	-1,092	-0,126	0	-0,0261	-0,003	0	0,1	9,00E-04
9,35	-1,098	-0,126	0,157	-0,0262	-0,003	0,004	0,1	8,85E-04
9,4	-1,104	-0,11	-0,157	-0,0264	-0,003	-0,004	0,1	8,70E-04
9,45	-1,109	-0,141	-0,785	-0,0265	-0,003	-0,019	0,1	8,39E-04
9,5	-1,118	-0,188	-0,314	-0,0267	-0,005	-0,007	0,1	8,39E-04
9,55	-1,128	-0,173	0,471	-0,0269	-0,004	0,011	0,1	8,54E-04
9,6	-1,136	-0,141	0,314	-0,0271	-0,003	0,007	0,1	8,70E-04
9,65	-1,142	-0,141	0	-0,0273	-0,003	0	0,1	9,16E-04
9,7	-1,15	-0,141	-0,157	-0,0275	-0,003	-0,004	0,1	9,46E-04
9,75	-1,156	-0,157	-0,471	-0,0276	-0,004	-0,011	0,1	9,46E-04
9,8	-1,166	-0,188	0,314	-0,0278	-0,004	0,008	0,1	9,46E-04
9,85	-1,175	-0,126	0,628	-0,0281	-0,003	0,015	0,1	9,31E-04
9,9	-1,178	-0,126	-0,314	-0,0281	-0,003	-0,008	0,1	9,46E-04
9,95	-1,188	-0,157	0	-0,0284	-0,004	-3,47E-16	0,1	9,61E-04
10	-1,194	-0,126	0,314	-0,0285	-0,003	0,008	0,1	0
10,05	-1,2	-0,126	-0,314	-0,0287	-0,003	-0,007	0,1	0
10,1	-1,206	-0,157	-0,314	-0,0288	-0,004	-0,008	0,1	0
10,15	-1,216	-0,157	-5,58E-14	-0,029	-0,004	-1,33E-15	0,1	0
10,2	-1,222	-0,157	0,314	-0,0292	-0,004	0,008	0,1	9,31E-04
10,25	-1,232	-0,126	0,471	-0,0294	-0,003	0,011	0,1	9,16E-04
10,3	-1,235	-0,11	-0,314	-0,0295	-0,003	-0,008	0,1	9,31E-04
10,35	-1,243	-0,157	-0,471	-0,0297	-0,004	-0,011	0,1	9,92E-04
10,4	-1,25	-0,157	-0,157	-0,0299	-0,004	-0,004	0,1	0
10,45	-1,258	-0,173	2,22E-14	-0,03	-0,004	0	0,1	0
10,5	-1,268	-0,157	0,628	-0,0303	-0,004	0,015	0,1	0
10,55	-1,274	-0,11	0,157	-0,0304	-0,003	0,004	0,1	0
10,6	-1,279	-0,141	-0,471	-0,0305	-0,003	-0,011	0,1	0
10,65	-1,288	-0,157	0,157	-0,0308	-0,004	0,004	0,1	0
10,7	-1,294	-0,126	0,157	-0,0309	-0,003	0,004	0,1	0
10,75	-1,301	-0,141	-0,157	-0,0311	-0,003	-0,004	0,1	0
10,8	-1,308	-0,141	0,157	-0,0312	-0,003	0,004	0,1	0
10,85	-1,315	-0,126	-2,50E-14	-0,0314	-0,003	-6,03E-16	0,1	0
10,9	-1,321	-0,141	-0,471	-0,0315	-0,003	-0,011	0,1	0
10,95	-1,329	-0,173	-0,157	-0,0317	-0,004	-0,004	0,1	0
11	-1,338	-0,157	0,314	-0,032	-0,004	0,008	0,1	0
11,05	-1,345	-0,141	0,314	-0,0321	-0,003	0,007	0,1	0
11,1	-1,352	-0,126	0,314	-0,0323	-0,003	0,007	0,1	9,92E-04
11,15	-1,357	-0,11	-0,314	-0,0324	-0,003	-0,008	0,1	9,77E-04
11,2	-1,363	-0,157	-0,628	-0,0326	-0,004	-0,015	0,1	9,77E-04
11,25	-1,373	-0,173	0,471	-0,0328	-0,004	0,011	0,1	9,77E-04
11,3	-1,381	-0,11	0,471	-0,033	-0,003	0,011	0,1	0
11,35	-1,384	-0,126	-0,314	-0,033	-0,003	-0,008	0,1	0
11,4	-1,393	-0,141	0,157	-0,0333	-0,003	0,004	0,1	0
11,45	-1,398	-0,11	0	-0,0334	-0,003	6,94E-16	0,1	0
11,5	-1,404	-0,141	-0,157	-0,0335	-0,003	-0,004	0,1	0
11,55	-1,412	-0,126	0,628	-0,0337	-0,003	0,015	0,1	0
11,6	-1,417	-0,079	0,785	-0,0338	-0,002	0,019	0,1	0
11,65	-1,42	-0,047	0,314	-0,0339	-0,001	0,007	0,1	0
11,7	-1,422	-0,047	0	-0,0339	-0,001	0	0,1	0
11,75	-1,425	-0,047	-0,314	-0,034	-0,001	-0,007	0,1	0
11,8	-1,426	-0,079	-0,942	-0,0341	-0,002	-0,022	0,1	0
11,85	-1,433	-0,141	-0,628	-0,0342	-0,003	-0,015	0,1	0
11,9	-1,44	-0,141	0,157	-0,0344	-0,003	0,004	0,1	0
11,95	-1,447	-0,126	-0,157	-0,0345	-0,003	-0,004	0,1	0
12	-1,453	-0,157	-0,314	-0,0347	-0,004	-0,007	0,1	0
12,05	-1,462	-0,157	0,157	-0,0349	-0,004	0,004	0,1	0
12,1	-1,469	-0,141	0,314	-0,0351	-0,003	0,007	0,1	0
12,15	-1,477	-0,126	0,628	-0,0353	-0,003	0,015	0,1	0
12,2	-1,481	-0,079	0,314	-0,0354	-0,002	0,008	0,1	0
12,25	-1,484	-0,094	-0,628	-0,0354	-0,002	-0,015	0,1	0
12,3	-1,491	-0,141	-0,628	-0,0356	-0,003	-0,015	0,1	0
12,35	-1,499	-0,157	0,157	-0,0358	-0,004	0,004	0,1	0
12,4	-1,506	-0,126	0,628	-0,036	-0,003	0,015	0,1	0
12,45	-1,511	-0,094	0,314	-0,0361	-0,002	0,008	0,1	0
12,5	-1,516	-0,094	0,157	-0,0362	-0,002	0,004	0,1	0
12,55	-1,521	-0,079	3,90E-14	-0,0363	-0,002	1,09E-15	0,1	0
12,6	-1,524	-0,094	-0,628	-0,0364	-0,002	-0,015	0,1	0
12,65	-1,53	-0,141	-0,314	-0,0365	-0,003	-0,008	0,1	0
12,7	-1,538	-0,126	0,628	-0,0367	-0,003	0,015	0,1	0
12,75	-1,543	-0,079	0,471	-0,0368	-0,002	0,011	0,1	0
12,8	-1,546	-0,079	-0,157	-0,0369	-0,002	-0,004	0,1	0
12,85	-1,55	-0,094	-1,39E-14	-0,037	-0,002	-3,34E-16	0,1	0
12,9	-1,555	-0,079	0,314	-0,0371	-0,002	0,007	0,1	0
12,95	-1,558	-0,063	0,314	-0,0372	-0,002	0,008	0,1	0
13	-1,561	-0,047	0,157	-0,0373	-0,001	0,004	0,1	0
13,05	-1,563	-0,047	-0,157	-0,0373	-0,001	-0,004	0,1	0
13,1	-1,566	-0,063	-8,40E-15	-0,0374	-0,001	-2,00E-16	0,1	0
13,15	-1,569	-0,047	0,157	-0,0375	-0,001	0,004	0,1	0
13,2	-1,571	-0,047	0	-0,0375	-0,001	0	0,1	0
13,25	-1,574	-0,047	1,68E-14	-0,0376	-0,001	4,01E-16	0,1	0
13,3	-1,576	-0,047	0	-0,0376	-0,001	0	0,1	0
13,35	-1,579	-0,047	0,157	-0,0377	-0,001	0,004	0,1	0
13,4	-1,58	-0,031	0,157	-0,0377	-7,50E-04	0,004	0,1	0
13,45	-1,582	-0,031	0	-0,0378	-7,50E-04	0	0,1	0
13,5	-1,583	-0,031	-0,157	-0,0378	-7,50E-04	-0,004	0,1	0
13,55	-1,585	-0,047	2,78E-14	-0,0378	-0,001	8,27E-16	0,1	0
13,6	-1,588	-0,031	0,314	-0,0379	-7,50E-04	0,007	0,1	0
13,65	-1,588	-0,016	-2,78E-14	-0,0379	-3,75E-04	-8,27E-16	0,1	0
13,7	-1,59	-0,031	-0,157	-0,038	-7,50E-04	-0,004	0,1	0
13,75	-1,591	-0,031	0	-0,038	-7,50E-04	0	0,1	0
13,8	-1,593	-0,031	5,55E-15	-0,038	-7,50E-04	1,33E-16	0,1	0
13,85	-1,594	-0,031	0	-0,0381	-7,50E-04	0	0,1	0
13,9	-1,596	-0,031	-1,12E-14	-0,0381	-7,50E-04	-2,66E-16	0,1	0
13,95	-1,598	-0,031	0	-0,0381	-7,50E-04	0	0,1	0
14	-1,599	-0,031	1,12E-14	-0,0382	-7,50E-04	2,66E-16	0,1	0
14,05	-1,601	-0,031	0,157	-0,0382	-7,50E-04	0,004	0,1	0
14,1	-1,602	-0,016	0,157	-0,0383	-3,75E-04	0,004	0,1	0
14,15	-1,602	-0,016	-0,157	-0,0383	-3,75E-04	-0,004	0,1	0
14,2	-1,604	-0,031	-0,157	-0,0383	-7,50E-04	-0,004	0,1	0
14,25	-1,605	-0,031	5,55E-15	-0,0383	-7,50E-04	1,33E-16	0,1	0
14,3	-1,607	-0,031	0	-0,0384	-7,50E-04	0	0,1	0
14,35	-1,608	-0,031	-5,55E-15	-0,0384	-7,50E-04	-1,33E-16	0,1	0
14,4	-1,61	-0,031	0	-0,0384	-7,50E-04	0	0,1	0
14,45	-1,612	-0,031	0	-0,0385	-7,50E-04	0	0,1	0
14,5	-1,613	-0,031	-0,157	-0,0385	-7,50E-04	-0,004	0,1	0
14,55	-1,615	-0,047	-0,157	-0,0386	-0,001	-0,004	0,1	0
14,6	-1,618	-0,047	0,157	-0,0386	-0,001	0,004	0,1	0
14,65	-1,619	-0,031	0,157	-0,0387	-7,50E-04	0,004	0,1	0
14,7	-1,621	-0,031	0	-0,0387	-7,50E-04	0	0,1	0
14,75	-1,623	-0,031	5,55E-15	-0,0387	-7,50E-04	1,33E-16	0,1	0
14,8	-1,624	-0,031	0	-0,0388	-7,50E-04	0	0,1	0
14,85	-1,626	-0,031	-5,55E-15	-0,0388	-7,50E-04	-1,33E-16	0,1	0
14,9	-1,627	-0,031	5,55E-15	-0,0389	-7,50E-04	1,33E-16	0,1	0
14,95	-1,629	-0,031	0	-0,0389	-7,50E-04	0	0,1	0
15	-1,63	-0,031	-5,55E-15	-0,0389	-7,50E-04	-1,33E-16	0,1	0
15,05	-1,632	-0,031	0	-0,039	-7,50E-04	0	0,1	0
15,1	-1,634	-0,031	0	-0,039	-7,50E-04	0	0,1	0
15,15	-1,635	-0,031	5,55E-15	-0,039	-7,50E-04	1,33E-16	0,1	0
15,2	-1,637	-0,031	0	-0,0391	-7,50E-04	0	0,1	0
15,25	-1,638	-0,031	-5,55E-15	-0,0391	-7,50E-04	-1,33E-16	0,1	0
15,3	-1,64	-0,031	0	-0,0392	-7,50E-04	0	0,1	0
15,35	-1,641	-0,031	0	-0,0392	-7,50E-04	0	0,1	0
15,4	-1,643	-0,031	0	-0,0392	-7,50E-04	0	0,1	0
15,45	-1,645	-0,031	0	-0,0393	-7,50E-04	0	0,1	0
15,5	-1,646	-0,031	5,55E-15	-0,0393	-7,50E-04	1,33E-16	0,1	0
15,55	-1,648	-0,031	0	-0,0393	-7,50E-04	0	0,1	0
15,6	-1,649	-0,031	-5,55E-15	-0,0394	-7,50E-04	-1,33E-16	0,1	0
15,65	-1,651	-0,031	0	-0,0394	-7,50E-04	0	0,1	0
15,7	-1,652	-0,031	-0,157	-0,0395	-7,50E-04	-0,004	0,1	0
15,75	-1,654	-0,047	-0,157	-0,0395	-0,001	-0,004	0,2	0
15,8	-1,657	-0,047	0,157	-0,0396	-0,001	0,004	0,2	0
15,85	-1,659	-0,031	0,157	-0,0396	-7,50E-04	0,004	0,2	0
15,9	-1,66	-0,031	-1,12E-14	-0,0396	-7,50E-04	-2,66E-16	0,2	0
15,95	-1,662	-0,031	0	-0,0397	-7,50E-04	0	0,2	0
16	-1,663	-0,031	-0,157	-0,0397	-7,50E-04	-0,004	0,2	0
16,05	-1,665	-0,047	-0,157	-0,0398	-0,001	-0,004	0,2	0
16,1	-1,668	-0,047	0,157	-0,0398	-0,001	0,004	0,2	0
16,15	-1,67	-0,031	0,157	-0,0399	-7,50E-04	0,004	0,2	0
16,2	-1,671	-0,031	1,12E-14	-0,0399	-7,50E-04	2,66E-16	0,2	0
16,25	-1,673	-0,031	1,12E-14	-0,0399	-7,50E-04	2,66E-16	0,2	0
16,3	-1,674	-0,031	0	-0,04	-7,50E-04	0	0,2	0
16,35	-1,676	-0,031	-1,12E-14	-0,04	-7,50E-04	-2,66E-16	0,2	0
16,4	-1,678	-0,031	-1,12E-14	-0,0401	-7,50E-04	-2,66E-16	0,2	0
16,45	-1,679	-0,031	0,157	-0,0401	-7,50E-04	0,004	0,2	0
16,5	-1,681	-0,016	0,157	-0,0401	-3,75E-04	0,004	0,2	0
16,55	-1,681	-0,016	-0,157	-0,0401	-3,75E-04	-0,004	0,2	0
16,6	-1,682	-0,031	0	-0,0402	-7,50E-04	0	0,2	0
16,65	-1,684	-0,016	0,157	-0,0402	-3,75E-04	0,004	0,2	0
16,7	-1,684	-0,016	-5,59E-15	-0,0402	-3,75E-04	-1,33E-16	0,2	0
16,75	-1,685	-0,016	-0,157	-0,0402	-3,75E-04	-0,004	0,2	0
16,8	-1,685	-0,031	-0,314	-0,0402	-7,50E-04	-0,007	0,2	0
16,85	-1,689	-0,047	-0,157	-0,0403	-0,001	-0,004	0,2	0
16,9	-1,69	-0,047	-1,68E-14	-0,0404	-0,001	-4,01E-16	0,2	0
16,95	-1,693	-0,047	0,157	-0,0404	-0,001	0,004	0,2	0
17	-1,695	-0,031	1,68E-14	-0,0405	-7,50E-04	4,01E-16	0,2	0
17,05	-1,696	-0,047	-0,157	-0,0405	-0,001	-0,004	0,2	0
17,1	-1,7	-0,047	0	-0,0406	-0,001	0	0,2	0
17,15	-1,701	-0,047	-1,68E-14	-0,0406	-0,001	-4,01E-16	0,2	0
17,2	-1,704	-0,047	0,157	-0,0407	-0,001	0,004	0,2	0
17,25	-1,706	-0,031	0,157	-0,0407	-7,50E-04	0,004	0,2	0
17,3	-1,707	-0,031	-0,157	-0,0408	-7,50E-04	-0,004	0,2	0
17,35	-1,709	-0,047	-0,157	-0,0408	-0,001	-0,004	0,2	0
17,4	-1,712	-0,047	0,157	-0,0409	-0,001	0,004	0,2	0
17,45	-1,714	-0,031	-1,68E-14	-0,0409	-7,50E-04	-4,01E-16	0,2	0
17,5	-1,715	-0,047	-0,157	-0,041	-0,001	-0,004	0,2	0
17,55	-1,718	-0,047	0,157	-0,041	-0,001	0,004	0,2	0
17,6	-1,72	-0,031	0,157	-0,0411	-7,50E-04	0,004	0,2	0
17,65	-1,722	-0,031	-1,12E-14	-0,0411	-7,50E-04	-2,66E-16	0,2	0
17,7	-1,723	-0,031	-1,12E-14	-0,0411	-7,50E-04	-2,66E-16	0,2	0
17,75	-1,725	-0,031	0,157	-0,0412	-7,50E-04	0,004	0,2	0
17,8	-1,726	-0,016	0,157	-0,0412	-3,75E-04	0,004	0,2	0
17,85	-1,726	-0,016	-0,314	-0,0412	-3,75E-04	-0,008	0,2	0
17,9	-1,728	-0,047	-0,314	-0,0413	-0,001	-0,008	0,2	0
17,95	-1,731	-0,047	0,157	-0,0413	-0,001	0,004	0,2	0
18	-1,733	-0,031	1,68E-14	-0,0414	-7,50E-04	4,01E-16	0,2	0
18,05	-1,734	-0,047	-0,157	-0,0414	-0,001	-0,004	0,2	0
18,1	-1,737	-0,047	0,157	-0,0415	-0,001	0,004	0,2	0
18,15	-1,739	-0,031	-1,68E-14	-0,0415	-7,50E-04	-4,01E-16	0,2	0
18,2	-1,74	-0,047	-0,314	-0,0416	-0,001	-0,007	0,2	0
18,25	-1,744	-0,063	1,68E-14	-0,0416	-0,001	4,01E-16	0,2	0
18,3	-1,747	-0,047	0,314	-0,0417	-0,001	0,007	0,2	0
18,35	-1,748	-0,031	0,157	-0,0417	-7,50E-04	0,004	0,2	0
18,4	-1,75	-0,031	-1,12E-14	-0,0418	-7,50E-04	-2,66E-16	0,2	0
18,45	-1,751	-0,031	-0,157	-0,0418	-7,50E-04	-0,004	0,2	0
18,5	-1,753	-0,047	-0,157	-0,0419	-0,001	-0,004	0,2	0
18,55	-1,756	-0,047	0,157	-0,0419	-0,001	0,004	0,2	0
18,6	-1,758	-0,031	0,157	-0,042	-7,50E-04	0,004	0,2	0
18,65	-1,759	-0,031	-1,12E-14	-0,042	-7,50E-04	-2,66E-16	0,2	0
18,7	-1,761	-0,031	1,12E-14	-0,042	-7,50E-04	2,66E-16	0,2	0
18,75	-1,762	-0,031	1,12E-14	-0,0421	-7,50E-04	2,66E-16	0,2	0
18,8	-1,764	-0,031	0	-0,0421	-7,50E-04	0	0,2	0
18,85	-1,766	-0,031	0	-0,0422	-7,50E-04	0	0,2	0
18,9	-1,767	-0,031	0,157	-0,0422	-7,50E-04	0,004	0,2	0
18,95	-1,769	-0,016	0,157	-0,0422	-3,75E-04	0,004	0,2	0
19	-1,769	-0,016	-0,314	-0,0422	-3,75E-04	-0,007	0,2	0
19,05	-1,77	-0,047	-0,314	-0,0423	-0,001	-0,007	0,2	0
19,1	-1,773	-0,047	0,157	-0,0423	-0,001	0,004	0,2	0
19,15	-1,775	-0,031	0,157	-0,0424	-7,50E-04	0,004	0,2	0
19,2	-1,777	-0,031	-0,157	-0,0424	-7,50E-04	-0,004	0,2	0
19,25	-1,778	-0,047	-0,157	-0,0425	-0,001	-0,004	0,2	0
19,3	-1,781	-0,047	1,68E-14	-0,0425	-0,001	4,01E-16	0,2	0
19,35	-1,783	-0,047	0	-0,0426	-0,001	0	0,2	0
19,4	-1,786	-0,047	0,157	-0,0426	-0,001	0,004	0,2	0
19,45	-1,788	-0,031	-1,68E-14	-0,0427	-7,50E-04	-4,01E-16	0,2	0
19,5	-1,789	-0,047	-0,314	-0,0427	-0,001	-0,007	0,2	0
19,55	-1,792	-0,063	1,68E-14	-0,0428	-0,001	4,01E-16	0,2	0
19,6	-1,795	-0,047	0,157	-0,0429	-0,001	0,004	0,2	0
19,65	-1,797	-0,047	-1,68E-14	-0,0429	-0,001	-4,01E-16	0,2	0
19,7	-1,8	-0,047	0,157	-0,043	-0,001	0,004	0,2	0
19,75	-1,802	-0,031	0,157	-0,043	-7,50E-04	0,004	0,2	0
19,8	-1,803	-0,031	-0,157	-0,0431	-7,50E-04	-0,004	0,2	0
19,85	-1,805	-0,047	-0,157	-0,0431	-0,001	-0,004	0,2	0
19,9	-1,808	-0,047	0,314	-0,0432	-0,001	0,007	0,2	0
19,95	-1,81	-0,016	0,314	-0,0432	-3,75E-04	0,007	0,2	0
20	-1,81	-0,016	-0,157	-0,0432	-3,75E-04	-0,004	0,2	0
20,05	-1,811	-0,031	-0,157	-0,0432	-7,50E-04	-0,004	0,2	0
20,1	-1,813	-0,031	0	-0,0433	-7,50E-04	0	0,2	0
20,15	-1,814	-0,031	-0,157	-0,0433	-7,50E-04	-0,004	0,2	0
20,2	-1,816	-0,047	-0,157	-0,0434	-0,001	-0,004	0,2	0
20,25	-1,819	-0,047	1,68E-14	-0,0434	-0,001	4,01E-16	0,2	0
20,3	-1,821	-0,047	1,68E-14	-0,0435	-0,001	4,01E-16	0,2	0
20,35	-1,824	-0,047	0	-0,0435	-0,001	0	0,2	0
20,4	-1,825	-0,047	-1,68E-14	-0,0436	-0,001	-4,01E-16	0,2	0
20,45	-1,828	-0,047	-1,68E-14	-0,0437	-0,001	-4,01E-16	0,2	0
20,5	-1,83	-0,047	1,68E-14	-0,0437	-0,001	4,01E-16	0,2	0
20,55	-1,833	-0,047	0,157	-0,0438	-0,001	0,004	0,2	0
20,6	-1,835	-0,031	0	-0,0438	-7,50E-04	0	0,2	0
20,65	-1,836	-0,047	-0,157	-0,0438	-0,001	-0,004	0,2	0
20,7	-1,839	-0,047	-1,68E-14	-0,0439	-0,001	-4,01E-16	0,2	0
20,75	-1,841	-0,047	1,68E-14	-0,044	-0,001	4,01E-16	0,2	0
20,8	-1,844	-0,047	0,157	-0,044	-0,001	0,004	0,2	0
20,85	-1,846	-0,031	0,157	-0,0441	-7,50E-04	0,004	0,2	0
20,9	-1,847	-0,031	-1,12E-14	-0,0441	-7,50E-04	-2,66E-16	0,2	0
20,95	-1,849	-0,031	-1,12E-14	-0,0441	-7,50E-04	-2,66E-16	0,2	0
21	-1,85	-0,031	1,12E-14	-0,0442	-7,50E-04	2,66E-16	0,2	0
21,05	-1,852	-0,031	-0,157	-0,0442	-7,50E-04	-0,004	0,2	0
21,1	-1,854	-0,047	-0,314	-0,0443	-0,001	-0,007	0,2	0
21,15	-1,857	-0,063	-1,68E-14	-0,0443	-0,001	-4,01E-16	0,2	0
21,2	-1,86	-0,047	0,157	-0,0444	-0,001	0,004	0,2	0
21,25	-1,861	-0,047	1,68E-14	-0,0444	-0,001	4,01E-16	0,2	0
21,3	-1,865	-0,047	0,157	-0,0445	-0,001	0,004	0,2	0
21,35	-1,866	-0,031	0	-0,0446	-7,50E-04	0	0,2	0
21,4	-1,868	-0,047	-0,314	-0,0446	-0,001	-0,007	0,2	0
21,45	-1,871	-0,063	-0,157	-0,0447	-0,002	-0,004	0,2	0
21,5	-1,874	-0,063	0,157	-0,0447	-0,002	0,004	0,2	0
21,55	-1,877	-0,047	0,157	-0,0448	-0,001	0,004	0,2	0
21,6	-1,879	-0,047	-0,157	-0,0449	-0,001	-0,004	0,2	0
21,65	-1,882	-0,063	-0,157	-0,0449	-0,001	-0,004	0,2	0
21,7	-1,885	-0,063	-2,23E-14	-0,045	-0,002	-5,31E-16	0,2	0
21,75	-1,888	-0,063	0,157	-0,0451	-0,002	0,004	0,2	0
21,8	-1,891	-0,047	0,314	-0,0452	-0,001	0,007	0,2	0
21,85	-1,893	-0,031	0,157	-0,0452	-7,50E-04	0,004	0,2	0
21,9	-1,894	-0,031	-0,157	-0,0452	-7,50E-04	-0,004	0,2	0
21,95	-1,896	-0,047	-0,314	-0,0453	-0,001	-0,007	0,2	0
22	-1,899	-0,063	1,68E-14	-0,0453	-0,002	4,01E-16	0,2	0
22,05	-1,902	-0,047	0,157	-0,0454	-0,001	0,004	0,2	0
22,1	-1,904	-0,047	-0,157	-0,0455	-0,001	-0,004	0,2	0
22,15	-1,907	-0,063	-1,68E-14	-0,0455	-0,001	-4,01E-16	0,2	0
22,2	-1,91	-0,047	0,157	-0,0456	-0,001	0,004	0,2	0
22,25	-1,912	-0,047	-0,157	-0,0456	-0,001	-0,004	0,2	0
22,3	-1,915	-0,063	-0,157	-0,0457	-0,001	-0,004	0,2	0
22,35	-1,918	-0,063	0	-0,0458	-0,001	0	0,2	0
22,4	-1,921	-0,063	-2,23E-14	-0,0459	-0,001	-5,31E-16	0,3	0
22,45	-1,924	-0,063	0,157	-0,0459	-0,002	0,004	0,3	0
22,5	-1,927	-0,047	0,157	-0,046	-0,001	0,004	0,3	0
22,55	-1,929	-0,047	1,68E-14	-0,0461	-0,001	4,01E-16	0,3	0
22,6	-1,932	-0,047	0,157	-0,0461	-0,001	0,004	0,3	0
22,65	-1,934	-0,031	0,157	-0,0462	-7,50E-04	0,004	0,3	0
22,7	-1,935	-0,031	-0,157	-0,0462	-7,50E-04	-0,004	0,3	0
22,75	-1,937	-0,047	-0,157	-0,0462	-0,001	-0,004	0,3	0
22,8	-1,94	-0,047	1,68E-14	-0,0463	-0,001	4,01E-16	0,3	0
22,85	-1,942	-0,047	0	-0,0464	-0,001	0	0,3	0
22,9	-1,945	-0,047	-1,68E-14	-0,0464	-0,001	-4,01E-16	0,3	0
22,95	-1,946	-0,047	-1,68E-14	-0,0465	-0,001	-4,01E-16	0,2	0
23	-1,949	-0,047	1,68E-14	-0,0465	-0,001	4,01E-16	0,2	0
23,05	-1,951	-0,047	-0,157	-0,0466	-0,001	-0,004	0,2	0
23,1	-1,954	-0,063	-0,157	-0,0467	-0,001	-0,004	0,2	0
23,15	-1,957	-0,063	-0,157	-0,0467	-0,001	-0,004	0,2	0
23,2	-1,96	-0,079	-4,46E-14	-0,0468	-0,002	-1,23E-15	0,2	0
23,25	-1,965	-0,063	0,314	-0,0469	-0,002	0,008	0,2	0
23,3	-1,967	-0,047	4,46E-14	-0,047	-0,001	1,23E-15	0,2	0
23,35	-1,97	-0,063	-0,157	-0,047	-0,001	-0,004	0,2	0
23,4	-1,973	-0,063	0,157	-0,0471	-0,001	0,004	0,2	0
23,45	-1,976	-0,047	0,314	-0,0472	-0,001	0,007	0,2	0
23,5	-1,978	-0,031	1,68E-14	-0,0472	-7,50E-04	4,01E-16	0,2	0
23,55	-1,979	-0,047	-0,314	-0,0473	-0,001	-0,007	0,2	0
23,6	-1,982	-0,063	-0,157	-0,0473	-0,001	-0,004	0,2	0
23,65	-1,985	-0,063	0,157	-0,0474	-0,001	0,004	0,3	0
23,7	-1,989	-0,047	0,157	-0,0475	-0,001	0,004	0,3	0
23,75	-1,99	-0,047	-0,157	-0,0475	-0,001	-0,004	0,3	0
23,8	-1,993	-0,063	-0,157	-0,0476	-0,001	-0,004	0,3	0
23,85	-1,996	-0,063	0	-0,0477	-0,001	0	0,3	0
23,9	-2	-0,063	-4,46E-14	-0,0477	-0,001	-5,31E-16	0,3	0
23,95	-2,003	-0,063	-6,68E-14	-0,0478	-0,002	-5,31E-16	0,2	0
24	-2,006	-0,063	0,157	-0,0479	-0,002	0,004	0,2	0
24,05	-2,009	-0,047	0,157	-0,048	-0,001	0,004	0,2	0
24,1	-2,011	-0,047	-0,157	-0,048	-0,001	-0,004	0,2	0
24,15	-2,014	-0,063	-1,68E-14	-0,0481	-0,001	-4,01E-16	0,2	0
24,2	-2,017	-0,047	0,157	-0,0482	-0,001	0,004	0,3	0
24,25	-2,018	-0,047	-0,157	-0,0482	-0,001	-0,004	0,3	0
24,3	-2,022	-0,063	-0,157	-0,0483	-0,001	-0,004	0,3	0
24,35	-2,025	-0,063	0,157	-0,0483	-0,001	0,004	0,3	0
24,4	-2,028	-0,047	4,44E-14	-0,0484	-0,001	-6,94E-16	0,3	0
24,45	-2,029	-0,063	-0,314	-0,0485	-0,002	-0,008	0,3	0
24,5	-2,034	-0,079	-0,157	-0,0486	-0,002	-0,004	0,3	0
24,55	-2,037	-0,079	2,79E-14	-0,0486	-0,002	6,66E-16	0,3	0
24,6	-2,042	-0,079	2,79E-14	-0,0488	-0,002	6,66E-16	0,3	0
24,65	-2,045	-0,079	0,157	-0,0488	-0,002	0,004	0,3	0
24,7	-2,05	-0,063	0,314	-0,0489	-0,002	0,007	0,3	0
24,75	-2,051	-0,047	0,157	-0,049	-0,001	0,004	0,3	0
24,8	-2,055	-0,047	1,68E-14	-0,0491	-0,001	4,01E-16	0,3	0
24,85	-2,056	-0,047	1,68E-14	-0,0491	-0,001	4,01E-16	0,3	0
24,9	-2,059	-0,047	0	-0,0492	-0,001	0	0,3	0
24,95	-2,061	-0,047	-0,157	-0,0492	-0,001	-0,004	0,3	0
25	-2,064	-0,063	-0,157	-0,0493	-0,002	-0,004	0,3	0
25,05	-2,067	-0,063	2,23E-14	-0,0494	-0,002	5,31E-16	0,3	0
25,1	-2,07	-0,063	2,23E-14	-0,0494	-0,001	5,31E-16	0,3	0
25,15	-2,073	-0,063	-0,157	-0,0495	-0,001	-0,004	0,3	0
25,2	-2,077	-0,079	-0,157	-0,0496	-0,002	-0,004	0,3	0
25,25	-2,081	-0,079	2,79E-14	-0,0497	-0,002	6,66E-16	0,3	0
25,3	-2,084	-0,079	2,79E-14	-0,0498	-0,002	6,66E-16	0,3	0
25,35	-2,089	-0,079	0,314	-0,0499	-0,002	0,007	0,3	0
25,4	-2,092	-0,047	0,314	-0,05	-0,001	0,007	0,3	0
25,45	-2,094	-0,047	-0,157	-0,05	-0,001	-0,004	0,3	0
25,5	-2,097	-0,063	1,68E-14	-0,0501	-0,002	4,01E-16	0,3	0
25,55	-2,1	-0,047	0,157	-0,0501	-0,001	0,004	0,3	0
25,6	-2,102	-0,047	0	-0,0502	-0,001	0	0,3	0
25,65	-2,105	-0,047	-1,68E-14	-0,0503	-0,001	-4,01E-16	0,3	0
25,7	-2,106	-0,047	-0,157	-0,0503	-0,001	-0,004	0,3	0
25,75	-2,11	-0,063	-0,157	-0,0504	-0,002	-0,004	0,3	0
25,8	-2,113	-0,063	-0,157	-0,0504	-0,001	-0,004	0,3	0
25,85	-2,116	-0,079	-0,157	-0,0505	-0,002	-0,004	0,3	0
25,9	-2,121	-0,079	0,157	-0,0506	-0,002	0,004	0,3	0
25,95	-2,124	-0,063	0,157	-0,0507	-0,002	0,004	0,3	0
26	-2,127	-0,063	-0,157	-0,0508	-0,002	-0,004	0,3	0
26,05	-2,13	-0,079	6,68E-14	-0,0509	-0,002	-1,63E-16	0,3	0
26,1	-2,135	-0,063	0,314	-0,051	-0,002	0,007	0,4	0
26,15	-2,136	-0,047	0,157	-0,051	-0,001	0,004	0,4	0
26,2	-2,139	-0,047	0,157	-0,0511	-0,001	0,004	0,4	0
26,25	-2,141	-0,031	1,68E-14	-0,0511	-7,50E-04	4,01E-16	0,4	0
26,3	-2,143	-0,047	-0,314	-0,0512	-0,001	-0,007	0,4	0
26,35	-2,146	-0,063	-0,157	-0,0512	-0,001	-0,004	0,4	0
26,4	-2,149	-0,063	-2,23E-14	-0,0513	-0,001	-5,31E-16	0,4	0
26,45	-2,152	-0,063	-0,157	-0,0514	-0,002	-0,004	0,4	0
26,5	-2,155	-0,079	6,68E-14	-0,0515	-0,002	-1,63E-16	0,4	0
26,55	-2,16	-0,063	0,157	-0,0516	-0,002	0,004	0,4	0
26,6	-2,161	-0,063	-0,157	-0,0516	-0,002	-0,004	0,4	0
26,65	-2,166	-0,079	-6,68E-14	-0,0517	-0,002	1,63E-16	0,4	0
26,7	-2,169	-0,063	0,157	-0,0518	-0,002	0,004	0,4	0
26,75	-2,172	-0,063	2,23E-14	-0,0519	-0,002	5,31E-16	0,4	0
26,8	-2,176	-0,063	0,157	-0,0519	-0,001	0,004	0,4	0
26,85	-2,179	-0,047	0,157	-0,052	-0,001	0,004	0,4	0
26,9	-2,18	-0,047	-1,68E-14	-0,0521	-0,001	-4,01E-16	0,4	0
26,95	-2,183	-0,047	0,157	-0,0521	-0,001	0,004	0,4	0
27	-2,185	-0,031	0,314	-0,0522	-7,50E-04	0,008	0,4	0
27,05	-2,187	-0,016	0,157	-0,0522	-3,75E-04	0,004	0,4	0
27,1	-2,187	-0,016	0	-0,0522	-3,75E-04	0	0,4	0
27,15	-2,188	-0,016	-5,59E-15	-0,0522	-3,75E-04	-1,33E-16	0,4	0
27,2	-2,188	-0,016	-0,157	-0,0522	-3,75E-04	-0,004	0,4	0
27,25	-2,19	-0,031	5,59E-15	-0,0523	-7,50E-04	1,33E-16	0,4	0
27,3	-2,191	-0,016	0,314	-0,0523	-3,75E-04	0,008	0,4	0
27,35	-2,191	0	0	-0,0523	0	0	0,4	0
27,4	-2,191	-0,016	-0,157	-0,0523	-3,75E-04	-0,004	0,4	0
27,45	-2,193	-0,016	-5,59E-15	-0,0524	-3,75E-04	-1,33E-16	0,4	0
27,5	-2,193	-0,016	-0,157	-0,0524	-3,75E-04	-0,004	0,4	0
27,55	-2,194	-0,031	5,59E-15	-0,0524	-7,50E-04	1,33E-16	0,4	0
27,6	-2,196	-0,016	0,157	-0,0524	-3,75E-04	0,004	0,4	0
27,65	-2,196	-0,016	-5,59E-15	-0,0524	-3,75E-04	-1,33E-16	0,4	0
27,7	-2,198	-0,016	-5,59E-15	-0,0525	-3,75E-04	-1,33E-16	0,4	0
27,75	-2,198	-0,016	-0,157	-0,0525	-3,75E-04	-0,004	0,4	0
27,8	-2,199	-0,031	-0,157	-0,0525	-7,50E-04	-0,004	0,4	0
27,85	-2,201	-0,031	0	-0,0525	-7,50E-04	0	0,4	0
27,9	-2,202	-0,031	-1,12E-14	-0,0526	-7,50E-04	-2,66E-16	0,4	0
27,95	-2,204	-0,031	-1,12E-14	-0,0526	-7,50E-04	-2,66E-16	0,4	0
28	-2,205	-0,031	1,12E-14	-0,0527	-7,50E-04	2,66E-16	0,4	0
28,05	-2,207	-0,031	1,12E-14	-0,0527	-7,50E-04	2,66E-16	0,4	0
28,1	-2,209	-0,031	0,157	-0,0527	-7,50E-04	0,004	0,4	0
28,15	-2,21	-0,016	0,157	-0,0528	-3,75E-04	0,004	0,4	0
28,2	-2,21	-0,016	-0,157	-0,0528	-3,75E-04	-0,004	0,4	0
28,25	-2,212	-0,031	-0,157	-0,0528	-7,50E-04	-0,004	0,4	0
28,3	-2,213	-0,031	1,12E-14	-0,0528	-7,50E-04	2,66E-16	0,4	0
28,35	-2,215	-0,031	0	-0,0529	-7,50E-04	0	0,4	0
28,4	-2,216	-0,031	-1,12E-14	-0,0529	-7,50E-04	-2,66E-16	0,4	0
28,45	-2,218	-0,031	-1,12E-14	-0,053	-7,50E-04	-2,66E-16	0,4	0
28,5	-2,22	-0,031	1,12E-14	-0,053	-7,50E-04	2,66E-16	0,4	0
28,55	-2,221	-0,031	0,157	-0,053	-7,50E-04	0,004	0,4	0
28,6	-2,223	-0,016	0,157	-0,0531	-3,75E-04	0,004	0,4	0
28,65	-2,223	-0,016	-5,59E-15	-0,0531	-3,75E-04	-1,33E-16	0,4	0
28,7	-2,224	-0,016	-0,157	-0,0531	-3,75E-04	-0,004	0,4	0
28,75	-2,224	-0,031	-0,314	-0,0531	-7,50E-04	-0,007	0,4	0
28,8	-2,227	-0,047	5,56E-14	-0,0532	-0,001	-4,28E-16	0,4	0
28,85	-2,229	-0,031	0,314	-0,0532	-7,50E-04	0,007	0,4	0
28,9	-2,231	-0,016	0,157	-0,0533	-3,75E-04	0,004	0,4	0
28,95	-2,231	-0,016	-0,157	-0,0533	-3,75E-04	-0,004	0,4	0
29	-2,232	-0,031	-0,157	-0,0533	-7,50E-04	-0,004	0,4	0
29,05	-2,234	-0,031	0,157	-0,0533	-7,50E-04	0,004	0,4	0
29,1	-2,235	-0,016	0,157	-0,0534	-3,75E-04	0,004	0,4	0
29,15	-2,235	-0,016	-0,157	-0,0534	-3,75E-04	-0,004	0,4	0
29,2	-2,237	-0,031	-0,157	-0,0534	-7,50E-04	-0,004	0,4	0
29,25	-2,238	-0,031	-1,12E-14	-0,0534	-7,50E-04	-2,66E-16	0,4	0
29,3	-2,24	-0,031	0,157	-0,0535	-7,50E-04	0,004	0,4	0
29,35	-2,242	-0,016	0,157	-0,0535	-3,75E-04	0,004	0,4	0
29,4	-2,242	-0,016	0	-0,0535	-3,75E-04	0	0,4	0
29,45	-2,243	-0,016	-5,59E-15	-0,0536	-3,75E-04	-1,33E-16	0,4	0
29,5	-2,243	-0,016	-0,157	-0,0536	-3,75E-04	-0,004	0,4	0
29,55	-2,245	-0,031	-0,157	-0,0536	-7,50E-04	-0,004	0,4	0
29,6	-2,246	-0,031	1,12E-14	-0,0536	-7,50E-04	2,66E-16	0,4	0
29,65	-2,248	-0,031	-1,12E-14	-0,0537	-7,50E-04	-2,66E-16	0,4	0
29,7	-2,249	-0,031	-1,12E-14	-0,0537	-7,50E-04	-2,66E-16	0,4	0
29,75	-2,251	-0,031	1,12E-14	-0,0537	-7,50E-04	2,66E-16	0,4	0
29,8	-2,253	-0,031	1,12E-14	-0,0538	-7,50E-04	2,66E-16	0,4	0
29,85	-2,254	-0,031	0,157	-0,0538	-7,50E-04	0,004	0,4	0
29,9	-2,256	-0,016	0,157	-0,0539	-3,75E-04	0,004	0,4	0
29,95	-2,256	-0,016	-0,314	-0,0539	-3,75E-04	-0,008	0,4	0
30	-2,257	-0,047	-0,314	-0,0539	-0,001	-0,007	0,4	0
30,05	-2,26	-0,047	0,314	-0,054	-0,001	0,008	0,4	0
30,1	-2,262	-0,016	0,314	-0,054	-3,75E-04	0,007	0,4	0
30,15	-2,262	-0,016	-0,157	-0,054	-3,75E-04	-0,004	0,4	0
30,2	-2,264	-0,031	-5,59E-15	-0,054	-7,50E-04	-1,33E-16	0,4	0
30,25	-2,265	-0,016	0,157	-0,0541	-3,75E-04	0,004	0,4	0
30,3	-2,265	-0,016	5,59E-15	-0,0541	-3,75E-04	1,33E-16	0,4	0
30,35	-2,267	-0,016	5,59E-15	-0,0541	-3,75E-04	1,33E-16	0,4	0
30,4	-2,267	-0,016	-0,157	-0,0541	-3,75E-04	-0,004	0,4	0
30,45	-2,268	-0,031	-0,157	-0,0542	-7,50E-04	-0,004	0,4	0
30,5	-2,27	-0,031	1,12E-14	-0,0542	-7,50E-04	2,66E-16	0,4	0
30,55	-2,271	-0,031	1,12E-14	-0,0542	-7,50E-04	2,66E-16	0,4	0
30,6	-2,273	-0,031	0,157	-0,0543	-7,50E-04	0,004	0,4	0
30,65	-2,275	-0,016	0,157	-0,0543	-3,75E-04	0,004	0,5	0
30,7	-2,275	-0,016	-0,314	-0,0543	-3,75E-04	-0,008	0,5	0
30,75	-2,276	-0,047	-0,157	-0,0543	-0,001	-0,004	0,5	0
30,8	-2,279	-0,031	0,157	-0,0544	-7,50E-04	0,004	0,5	0
30,85	-2,279	-0,031	-0,157	-0,0544	-7,50E-04	-0,004	0,5	0
30,9	-2,282	-0,047	3,32E-14	-0,0545	-0,001	-9,60E-16	0,5	0
30,95	-2,284	-0,031	0,314	-0,0545	-7,50E-04	0,007	0,5	0
31	-2,286	-0,016	0,157	-0,0546	-3,75E-04	0,004	0,5	0
31,05	-2,286	-0,016	5,59E-15	-0,0546	-3,75E-04	1,33E-16	0,5	0
31,1	-2,287	-0,016	0	-0,0546	-3,75E-04	0	0,5	0
31,15	-2,287	-0,016	-0,157	-0,0546	-3,75E-04	-0,004	0,5	0
31,2	-2,289	-0,031	-0,157	-0,0546	-7,50E-04	-0,004	0,5	0
31,25	-2,29	-0,031	1,12E-14	-0,0547	-7,50E-04	2,66E-16	0,5	0
31,3	-2,292	-0,031	1,12E-14	-0,0547	-7,50E-04	2,66E-16	0,5	0
31,35	-2,293	-0,031	0	-0,0548	-7,50E-04	0	0,5	0
31,4	-2,295	-0,031	-1,12E-14	-0,0548	-7,50E-04	-2,66E-16	0,5	0
31,45	-2,297	-0,031	-1,12E-14	-0,0548	-7,50E-04	-2,66E-16	0,5	0
31,5	-2,298	-0,031	1,12E-14	-0,0549	-7,50E-04	2,66E-16	0,5	0
31,55	-2,3	-0,031	1,12E-14	-0,0549	-7,50E-04	2,66E-16	0,5	0
31,6	-2,301	-0,031	0	-0,0549	-7,50E-04	0	0,5	0
31,65	-2,303	-0,031	-1,12E-14	-0,055	-7,50E-04	-2,66E-16	0,5	0
31,7	-2,304	-0,031	0,157	-0,055	-7,50E-04	0,004	0,5	0,01
31,75	-2,306	-0,016	0,157	-0,0551	-3,75E-04	0,004	0,5	0,01
31,8	-2,306	-0,016	-0,157	-0,0551	-3,75E-04	-0,004	0,5	0,01
31,85	-2,308	-0,031	-0,157	-0,0551	-7,50E-04	-0,004	0,5	0,01
31,9	-2,309	-0,031	0,157	-0,0551	-7,50E-04	0,004	0,5	0,01
31,95	-2,311	-0,016	0,157	-0,0552	-3,75E-04	0,004	0,6	0,01
32	-2,311	-0,016	-0,157	-0,0552	-3,75E-04	-0,004	0,5	0,01
32,05	-2,312	-0,031	-0,157	-0,0552	-7,50E-04	-0,004	0,5	0,01
32,1	-2,314	-0,031	0	-0,0552	-7,50E-04	0	0,6	0,01
32,15	-2,315	-0,031	2,23E-14	-0,0553	-7,50E-04	5,32E-16	0,6	0,01
32,2	-2,317	-0,031	0	-0,0553	-7,50E-04	0	0,6	0,01
32,25	-2,318	-0,031	0	-0,0554	-7,50E-04	0	0,6	0,01
32,3	-2,32	-0,031	-2,23E-14	-0,0554	-7,50E-04	-5,32E-16	0,6	0,01
32,35	-2,322	-0,031	0,157	-0,0554	-7,50E-04	0,004	0,6	0,01
32,4	-2,323	-0,016	0,157	-0,0555	-3,75E-04	0,004	0,6	0,01
32,45	-2,323	-0,016	-0,157	-0,0555	-3,75E-04	-0,004	0,6	0,01
32,5	-2,325	-0,031	-0,157	-0,0555	-7,50E-04	-0,004	0,6	0,01
32,55	-2,326	-0,031	2,23E-14	-0,0555	-7,50E-04	5,32E-16	0,6	0,01
32,6	-2,328	-0,031	0,157	-0,0556	-7,50E-04	0,004	0,6	0,01
32,65	-2,329	-0,016	0,157	-0,0556	-3,75E-04	0,004	0,6	0,01
32,7	-2,329	-0,016	0	-0,0556	-3,75E-04	0	0,7	0,01
32,75	-2,331	-0,016	0,157	-0,0557	-3,75E-04	0,004	0,7	0,01
32,8	-2,331	0	-1,11E-14	-0,0557	0	-2,66E-16	0,7	0,01
32,85	-2,331	-0,016	-0,314	-0,0557	-3,75E-04	-0,007	0,7	0,01
32,9	-2,333	-0,031	-0,157	-0,0557	-7,50E-04	-0,004	0,7	0,01
32,95	-2,334	-0,031	0,157	-0,0557	-7,50E-04	0,004	0,7	0,01
33	-2,336	-0,016	0,157	-0,0558	-3,75E-04	0,004	0,7	0,01
33,05	-2,336	-0,016	-0,157	-0,0558	-3,75E-04	-0,004	0,7	0,01
33,1	-2,337	-0,031	0	-0,0558	-7,50E-04	0	0,7	0,01
33,15	-2,339	-0,016	0,157	-0,0558	-3,75E-04	0,004	0,7	0,01
33,2	-2,339	-0,016	-0,157	-0,0558	-3,75E-04	-0,004	0,7	0,01
33,25	-2,34	-0,031	-0,157	-0,0559	-7,50E-04	-0,004	0,7	0,01
33,3	-2,342	-0,031	2,23E-14	-0,0559	-7,50E-04	5,32E-16	0,7	0,01
33,35	-2,344	-0,031	0,157	-0,056	-7,50E-04	0,004	0,7	0,01
33,4	-2,345	-0,016	0,157	-0,056	-3,75E-04	0,004	0,7	0,01
33,45	-2,345	-0,016	2,23E-14	-0,056	-3,75E-04	5,33E-16	0,7	0,01
33,5	-2,347	-0,016	0	-0,056	-3,75E-04	0	0,7	0,01
33,55	-2,347	-0,016	-0,157	-0,056	-3,75E-04	-0,004	0,7	0,01
33,6	-2,348	-0,031	-0,157	-0,0561	-7,50E-04	-0,004	0,7	0,01
33,65	-2,35	-0,031	0,157	-0,0561	-7,50E-04	0,004	0,7	0,01
33,7	-2,351	-0,016	0,157	-0,0561	-3,75E-04	0,004	0,6	0,01
33,75	-2,351	-0,016	-0,157	-0,0561	-3,75E-04	-0,004	0,7	0,01
33,8	-2,353	-0,031	-0,157	-0,0562	-7,50E-04	-0,004	0,6	0,01
33,85	-2,355	-0,031	0,157	-0,0562	-7,50E-04	0,004	0,6	0,01
33,9	-2,356	-0,016	0,157	-0,0563	-3,75E-04	0,004	0,6	0,01
33,95	-2,356	-0,016	-0,157	-0,0563	-3,75E-04	-0,004	0,6	0,01
34	-2,358	-0,031	-0,157	-0,0563	-7,50E-04	-0,004	0,6	0,01
34,05	-2,359	-0,031	0,157	-0,0563	-7,50E-04	0,004	0,6	0,01
34,1	-2,361	-0,016	0,157	-0,0564	-3,75E-04	0,004	0,6	0,01
34,15	-2,361	-0,016	-0,157	-0,0564	-3,75E-04	-0,004	0,6	0,01
34,2	-2,362	-0,031	0	-0,0564	-7,50E-04	0	0,6	0,01
34,25	-2,364	-0,016	0,157	-0,0564	-3,75E-04	0,004	0,6	0,01
34,3	-2,364	-0,016	-0,157	-0,0564	-3,75E-04	-0,004	0,6	0,01
34,35	-2,366	-0,031	0	-0,0565	-7,50E-04	0	0,6	0,01
34,4	-2,367	-0,016	0,157	-0,0565	-3,75E-04	0,004	0,6	0,01
34,45	-2,367	-0,016	0	-0,0565	-3,75E-04	0	0,6	0,01
34,5	-2,369	-0,016	0	-0,0566	-3,75E-04	0	0,6	0,01
34,55	-2,369	-0,016	-0,157	-0,0566	-3,75E-04	-0,004	0,6	0,01
34,6	-2,37	-0,031	-0,157	-0,0566	-7,50E-04	-0,004	0,6	0,01
34,65	-2,372	-0,031	2,23E-14	-0,0566	-7,50E-04	5,32E-16	0,6	0,01
34,7	-2,373	-0,031	-2,23E-14	-0,0567	-7,50E-04	-5,32E-16	0,6	0,01
34,75	-2,375	-0,031	0	-0,0567	-7,50E-04	0	0,6	0,01
34,8	-2,377	-0,031	2,23E-14	-0,0567	-7,50E-04	5,32E-16	0,6	0,01
34,85	-2,378	-0,031	0	-0,0568	-7,50E-04	0	0,7	0,01
34,9	-2,38	-0,031	0,157	-0,0568	-7,50E-04	0,004	0,7	0,01
34,95	-2,381	-0,016	0,157	-0,0569	-3,75E-04	0,004	0,7	0,01
35	-2,381	-0,016	-0,157	-0,0569	-3,75E-04	-0,004	0,7	0,01
35,05	-2,383	-0,031	-0,157	-0,0569	-7,50E-04	-0,004	0,7	0,01
35,1	-2,384	-0,031	0,157	-0,0569	-7,50E-04	0,004	0,7	0,01
35,15	-2,386	-0,016	0,157	-0,057	-3,75E-04	0,004	0,7	0,01
35,2	-2,386	-0,016	0	-0,057	-3,75E-04	0	0,8	0,01
35,25	-2,388	-0,016	0	-0,057	-3,75E-04	0	0,7	0,01
35,3	-2,388	-0,016	-0,157	-0,057	-3,75E-04	-0,004	0,8	0,01
35,35	-2,389	-0,031	-0,157	-0,057	-7,50E-04	-0,004	0,8	0,01
35,4	-2,391	-0,031	2,23E-14	-0,0571	-7,50E-04	5,32E-16	0,8	0,01
35,45	-2,392	-0,031	0	-0,0571	-7,50E-04	0	0,8	0,01
35,5	-2,394	-0,031	0,157	-0,0572	-7,50E-04	0,004	0,8	0,01
35,55	-2,395	-0,016	0,157	-0,0572	-3,75E-04	0,004	0,8	0,01
35,6	-2,395	-0,016	-0,157	-0,0572	-3,75E-04	-0,004	0,8	0,01
35,65	-2,397	-0,031	-0,157	-0,0572	-7,50E-04	-0,004	0,8	0,01
35,7	-2,399	-0,031	0,157	-0,0573	-7,50E-04	0,004	0,8	0,01
35,75	-2,4	-0,016	0,157	-0,0573	-3,75E-04	0,004	0,8	0,01
35,8	-2,4	-0,016	1,11E-14	-0,0573	-3,75E-04	2,66E-16	0,8	0,01
35,85	-2,402	-0,016	0	-0,0573	-3,75E-04	0	0,8	0,01
35,9	-2,402	-0,016	-0,157	-0,0573	-3,75E-04	-0,004	0,7	0,01
35,95	-2,403	-0,031	-1,11E-14	-0,0574	-7,50E-04	-2,66E-16	0,7	0,01
36	-2,405	-0,016	0,157	-0,0574	-3,75E-04	0,004	0,7	0,01
36,05	-2,405	-0,016	1,11E-14	-0,0574	-3,75E-04	2,66E-16	0,7	0,01
36,1	-2,406	-0,016	-1,11E-14	-0,0575	-3,75E-04	-2,66E-16	0,7	0,01
36,15	-2,406	-0,016	-0,157	-0,0575	-3,75E-04	-0,004	0,7	0,01
36,2	-2,408	-0,031	-0,157	-0,0575	-7,50E-04	-0,004	0,7	0,01
36,25	-2,41	-0,031	0,157	-0,0575	-7,50E-04	0,004	0,7	0,01
36,3	-2,411	-0,016	0,157	-0,0576	-3,75E-04	0,004	0,7	0,01
36,35	-2,411	-0,016	-0,157	-0,0576	-3,75E-04	-0,004	0,6	0,01
36,4	-2,413	-0,031	-0,157	-0,0576	-7,50E-04	-0,004	0,6	0,01
36,45	-2,414	-0,031	0	-0,0576	-7,50E-04	0	0,6	0,01
36,5	-2,416	-0,031	0,157	-0,0577	-7,50E-04	0,004	0,6	0,01
36,55	-2,417	-0,016	0,157	-0,0577	-3,75E-04	0,004	0,6	0,01
36,6	-2,417	-0,016	-0,157	-0,0577	-3,75E-04	-0,004	0,6	0,01
36,65	-2,419	-0,031	-0,157	-0,0578	-7,50E-04	-0,004	0,6	0,01
36,7	-2,421	-0,031	0	-0,0578	-7,50E-04	0	0,6	0,01
36,75	-2,422	-0,031	0	-0,0578	-7,50E-04	0	0,6	0,01
36,8	-2,424	-0,031	-2,23E-14	-0,0579	-7,50E-04	-5,32E-16	0,6	0,01
36,85	-2,425	-0,031	0	-0,0579	-7,50E-04	0	0,7	0,01
36,9	-2,427	-0,031	2,23E-14	-0,0579	-7,50E-04	5,32E-16	0,7	0,01
36,95	-2,428	-0,031	0	-0,058	-7,50E-04	0	0,7	0,01
37	-2,43	-0,031	0	-0,058	-7,50E-04	0	0,8	0,01
37,05	-2,432	-0,031	0,157	-0,0581	-7,50E-04	0,004	0,8	0,01
37,1	-2,433	-0,016	0,157	-0,0581	-3,75E-04	0,004	0,8	0,01
37,15	-2,433	-0,016	-0,157	-0,0581	-3,75E-04	-0,004	0,9	0,01
37,2	-2,435	-0,031	-0,157	-0,0581	-7,50E-04	-0,004	0,9	0,01
37,25	-2,436	-0,031	0	-0,0582	-7,50E-04	0	0,9	0,01
37,3	-2,438	-0,031	-2,23E-14	-0,0582	-7,50E-04	-5,32E-16	0,9	0,01
37,35	-2,439	-0,031	-0,157	-0,0582	-7,50E-04	-0,004	1	0,01
37,4	-2,441	-0,047	-2,21E-14	-0,0583	-0,001	1,23E-15	1	0,01
37,45	-2,444	-0,031	0,157	-0,0584	-7,50E-04	0,004	1	0,01
37,5	-2,444	-0,031	-0,157	-0,0584	-7,50E-04	-0,004	1	0,01
37,55	-2,447	-0,047	0,157	-0,0584	-0,001	0,004	1	0,01
37,6	-2,449	-0,016	0,314	-0,0585	-3,75E-04	0,007	1	0,01
37,65	-2,449	-0,016	1,11E-14	-0,0585	-3,75E-04	2,66E-16	1	0,01
37,7	-2,45	-0,016	0	-0,0585	-3,75E-04	0	1	0,01
37,75	-2,45	-0,016	-0,157	-0,0585	-3,75E-04	-0,004	1	0,01
37,8	-2,452	-0,031	-0,157	-0,0585	-7,50E-04	-0,004	1	0,01
37,85	-2,454	-0,031	-2,23E-14	-0,0586	-7,50E-04	-5,32E-16	1	0,01
37,9	-2,455	-0,031	2,23E-14	-0,0586	-7,50E-04	5,32E-16	1	0,01
37,95	-2,457	-0,031	0,157	-0,0587	-7,50E-04	0,004	1	0,01
38	-2,458	-0,016	0,157	-0,0587	-3,75E-04	0,004	0,9	0,01
38,05	-2,458	-0,016	-0,157	-0,0587	-3,75E-04	-0,004	0,9	0,01
38,1	-2,46	-0,031	-1,11E-14	-0,0587	-7,50E-04	-2,66E-16	0,9	0,01
38,15	-2,461	-0,016	-2,21E-14	-0,0588	-3,75E-04	1,23E-15	0,9	0,01
38,2	-2,461	-0,031	-0,314	-0,0588	-7,50E-04	-0,007	0,9	0,01
38,25	-2,465	-0,047	4,44E-14	-0,0588	-0,001	-6,94E-16	0,8	0,01
38,3	-2,466	-0,031	0,157	-0,0589	-7,50E-04	0,004	0,9	0,01
38,35	-2,468	-0,031	0,157	-0,0589	-7,50E-04	0,004	0,9	0,01
38,4	-2,469	-0,016	0,157	-0,059	-3,75E-04	0,004	0,9	0,01
38,45	-2,469	-0,016	0	-0,059	-3,75E-04	0	0,9	0,01
38,5	-2,471	-0,016	1,11E-14	-0,059	-3,75E-04	2,66E-16	0,9	0,01
38,55	-2,471	-0,016	0	-0,059	-3,75E-04	0	0,9	0,01
38,6	-2,472	-0,016	0	-0,059	-3,75E-04	0	0,9	0,01
38,65	-2,472	-0,016	-0,157	-0,059	-3,75E-04	-0,004	0,9	0,01
38,7	-2,474	-0,031	-0,157	-0,0591	-7,50E-04	-0,004	1	0,01
38,75	-2,476	-0,031	2,23E-14	-0,0591	-7,50E-04	5,32E-16	1	0,01
38,8	-2,477	-0,031	0	-0,0591	-7,50E-04	0	1	0,01
38,85	-2,479	-0,031	0,157	-0,0592	-7,50E-04	0,004	1	0,01
38,9	-2,48	-0,016	0,157	-0,0592	-3,75E-04	0,004	1,1	0,01
38,95	-2,48	-0,016	-0,157	-0,0592	-3,75E-04	-0,004	1,1	0,01
39	-2,482	-0,031	1,11E-14	-0,0593	-7,50E-04	2,66E-16	1,1	0,01
39,05	-2,483	-0,016	0,157	-0,0593	-3,75E-04	0,004	1,2	0,01
39,1	-2,483	-0,016	-0,157	-0,0593	-3,75E-04	-0,004	1,2	0,01
39,15	-2,485	-0,031	-0,157	-0,0593	-7,50E-04	-0,004	1,2	0,01
39,2	-2,487	-0,031	0	-0,0594	-7,50E-04	0	1,3	0,01
39,25	-2,488	-0,031	0,157	-0,0594	-7,50E-04	0,004	1,3	0,01
39,3	-2,49	-0,016	0,157	-0,0594	-3,75E-04	0,004	1,3	0,01
39,35	-2,49	-0,016	-0,157	-0,0594	-3,75E-04	-0,004	1,3	0,01
39,4	-2,491	-0,031	-1,11E-14	-0,0595	-7,50E-04	-2,66E-16	1,4	0,01
39,45	-2,493	-0,016	0,157	-0,0595	-3,75E-04	0,004	1,4	0,01
39,5	-2,493	-0,016	1,11E-14	-0,0595	-3,75E-04	2,66E-16	1,4	0,01
39,55	-2,494	-0,016	-1,11E-14	-0,0596	-3,75E-04	-2,66E-16	1,4	0,01
39,6	-2,494	-0,016	-0,157	-0,0596	-3,75E-04	-0,004	1,4	0,01
39,65	-2,496	-0,031	1,11E-14	-0,0596	-7,50E-04	2,66E-16	1,4	0,01
39,7	-2,498	-0,016	0,157	-0,0596	-3,75E-04	0,004	1,4	0,01
39,75	-2,498	-0,016	-0,157	-0,0596	-3,75E-04	-0,004	1,4	0,01
39,8	-2,499	-0,031	0	-0,0597	-7,50E-04	0	1,4	0,01
39,85	-2,501	-0,016	0,314	-0,0597	-3,75E-04	0,007	1,4	0,01
39,9	-2,501	0	-1,11E-14	-0,0597	0	-2,66E-16	1,4	0,01
39,95	-2,501	-0,016	-0,314	-0,0597	-3,75E-04	-0,008	1,4	0,01
40	-2,502	-0,031	1,11E-14	-0,0597	-7,50E-04	2,66E-16	1,3	0,01
40,05	-2,504	-0,016	0,157	-0,0598	-3,75E-04	0,004	1,3	0,01
40,1	-2,504	-0,016	-0,157	-0,0598	-3,75E-04	-0,004	1,3	0,01
40,15	-2,505	-0,031	-1,11E-14	-0,0598	-7,50E-04	-2,66E-16	1,3	0,01
40,2	-2,507	-0,016	0,157	-0,0599	-3,75E-04	0,004	1,2	0,01
40,25	-2,507	-0,016	-0,157	-0,0599	-3,75E-04	-0,004	1,2	0,01
40,3	-2,509	-0,031	-0,157	-0,0599	-7,50E-04	-0,004	1,2	0,01
40,35	-2,51	-0,031	0,157	-0,0599	-7,50E-04	0,004	1,2	0,01
40,4	-2,512	-0,016	0,157	-0,06	-3,75E-04	0,004	1,1	0,01
40,45	-2,512	-0,016	0	-0,06	-3,75E-04	0	1,1	0,01
40,5	-2,513	-0,016	1,11E-14	-0,06	-3,75E-04	2,66E-16	1,1	0,01
40,55	-2,513	-0,016	-0,157	-0,06	-3,75E-04	-0,004	1,1	0,01
40,6	-2,515	-0,031	-0,157	-0,06	-7,50E-04	-0,004	1,1	0,01
40,65	-2,516	-0,031	0,157	-0,0601	-7,50E-04	0,004	1,1	0,01
40,7	-2,518	-0,016	0,157	-0,0601	-3,75E-04	0,004	1,1	0,01
40,75	-2,518	-0,016	-0,157	-0,0601	-3,75E-04	-0,004	1,1	0,01
40,8	-2,52	-0,031	-0,157	-0,0602	-7,50E-04	-0,004	1,2	0,01
40,85	-2,521	-0,031	0	-0,0602	-7,50E-04	0	1,2	0,01
40,9	-2,523	-0,031	-2,23E-14	-0,0602	-7,50E-04	-5,32E-16	1,4	0,01
40,95	-2,524	-0,031	-2,23E-14	-0,0603	-7,50E-04	-5,32E-16	1,4	0,01
41	-2,526	-0,031	0,157	-0,0603	-7,50E-04	0,004	1,5	0,01
41,05	-2,527	-0,016	0,157	-0,0603	-3,75E-04	0,004	1,6	0,02
41,1	-2,527	-0,016	-0,157	-0,0603	-3,75E-04	-0,004	1,7	0,02
41,15	-2,529	-0,031	-0,157	-0,0604	-7,50E-04	-0,004	1,8	0,02
41,2	-2,531	-0,031	-2,23E-14	-0,0604	-7,50E-04	-5,32E-16	2	0,02
41,25	-2,532	-0,031	0,157	-0,0605	-7,50E-04	0,004	2,1	0,02
41,3	-2,534	-0,016	0,157	-0,0605	-3,75E-04	0,004	2,2	0,02
41,35	-2,534	-0,016	0	-0,0605	-3,75E-04	0	2,4	0,02
41,4	-2,535	-0,016	-2,23E-14	-0,0605	-3,75E-04	-5,33E-16	2,4	0,02
41,45	-2,535	-0,016	-1,11E-14	-0,0605	-3,75E-04	-2,66E-16	2,4	0,02
41,5	-2,537	-0,016	1,11E-14	-0,0606	-3,75E-04	2,66E-16	2,6	0,03
41,55	-2,537	-0,016	-0,157	-0,0606	-3,75E-04	-0,004	2,7	0,03
41,6	-2,538	-0,031	0	-0,0606	-7,50E-04	0	2,9	0,03
41,65	-2,54	-0,016	0,314	-0,0606	-3,75E-04	0,007	2,9	0,03
41,7	-2,54	0	0	-0,0606	0	0	2,9	0,03
41,75	-2,54	-0,016	-0,314	-0,0606	-3,75E-04	-0,008	3,1	0,03
41,8	-2,542	-0,031	0	-0,0607	-7,50E-04	0	3,2	0,03
41,85	-2,543	-0,016	0,157	-0,0607	-3,75E-04	0,004	3,3	0,03
41,9	-2,543	-0,016	-0,157	-0,0607	-3,75E-04	-0,004	3,2	0,03
41,95	-2,545	-0,031	-0,157	-0,0608	-7,50E-04	-0,004	3,4	0,03
42	-2,546	-0,031	0,157	-0,0608	-7,50E-04	0,004	3,5	0,04
42,05	-2,548	-0,016	0,157	-0,0608	-3,75E-04	0,004	3,5	0,04
42,1	-2,548	-0,016	0	-0,0608	-3,75E-04	0	3,6	0,04
42,15	-2,549	-0,016	0,157	-0,0609	-3,75E-04	0,004	3,5	0,04
42,2	-2,549	0	-1,11E-14	-0,0609	0	-2,66E-16	3,5	0,04
42,25	-2,549	-0,016	-0,157	-0,0609	-3,75E-04	-0,004	3,5	0,04
42,3	-2,551	-0,016	0,157	-0,0609	-3,75E-04	0,004	3,5	0,03
42,35	-2,551	0	0	-0,0609	0	0	3,5	0,03
42,4	-2,551	-0,016	-0,157	-0,0609	-3,75E-04	-0,004	3,5	0,03
42,45	-2,553	-0,016	-1,11E-14	-0,0609	-3,75E-04	-2,66E-16	3,5	0,04
42,5	-2,553	-0,016	1,11E-14	-0,0609	-3,75E-04	2,66E-16	3,5	0,03
42,55	-2,554	-0,016	1,11E-14	-0,061	-3,75E-04	2,66E-16	3,4	0,03
42,6	-2,554	-0,016	0	-0,061	-3,75E-04	0	3,4	0,03
42,65	-2,556	-0,016	0,157	-0,061	-3,75E-04	0,004	3,4	0,03
42,7	-2,556	0	0	-0,061	0	0	3,2	0,03
42,75	-2,556	-0,016	-0,157	-0,061	-3,75E-04	-0,004	3,2	0,03
42,8	-2,557	-0,016	-1,11E-14	-0,0611	-3,75E-04	-2,66E-16	3,2	0,03
42,85	-2,557	-0,016	0	-0,0611	-3,75E-04	0	3,2	0,03
42,9	-2,559	-0,016	0,157	-0,0611	-3,75E-04	0,004	3,1	0,03
42,95	-2,559	0	0	-0,0611	0	0	3	0,03
43	-2,559	-0,016	-0,157	-0,0611	-3,75E-04	-0,004	3,1	0,03
43,05	-2,56	-0,016	0	-0,0611	-3,75E-04	0	2,9	0,03
43,1	-2,56	-0,016	-0,157	-0,0611	-3,75E-04	-0,004	2,9	0,03
43,15	-2,562	-0,031	-1,11E-14	-0,0612	-7,50E-04	-2,66E-16	2,8	0,03
43,2	-2,564	-0,016	0,157	-0,0612	-3,75E-04	0,004	2,8	0,03
43,25	-2,564	-0,016	-0,157	-0,0612	-3,75E-04	-0,004	2,7	0,03
43,3	-2,565	-0,031	0	-0,0612	-7,50E-04	0	2,7	0,03
43,35	-2,567	-0,016	0,157	-0,0613	-3,75E-04	0,004	2,7	0,03
43,4	-2,567	-0,016	-1,11E-14	-0,0613	-3,75E-04	-2,66E-16	2,7	0,03
43,45	-2,568	-0,016	0	-0,0613	-3,75E-04	0	2,7	0,03
43,5	-2,568	-0,016	1,11E-14	-0,0613	-3,75E-04	2,66E-16	2,8	0,03
43,55	-2,57	-0,016	0	-0,0614	-3,75E-04	0	2,9	0,03
43,6	-2,57	-0,016	0	-0,0614	-3,75E-04	0	3	0,03
43,65	-2,571	-0,016	-1,11E-14	-0,0614	-3,75E-04	-2,66E-16	3,2	0,03
43,7	-2,571	-0,016	-0,157	-0,0614	-3,75E-04	-0,004	3,3	0,03
43,75	-2,573	-0,031	1,11E-14	-0,0614	-7,50E-04	2,66E-16	3,4	0,03
43,8	-2,575	-0,016	0,157	-0,0615	-3,75E-04	0,004	3,8	0,04
43,85	-2,575	-0,016	-0,157	-0,0615	-3,75E-04	-0,004	4,1	0,04
43,9	-2,576	-0,031	-0,157	-0,0615	-7,50E-04	-0,004	4,8	0,05
43,95	-2,578	-0,031	0,157	-0,0615	-7,50E-04	0,004	5,3	0,05
44	-2,579	-0,016	0,157	-0,0616	-3,75E-04	0,004	5,7	0,06
44,05	-2,579	-0,016	0	-0,0616	-3,75E-04	0	6,7	0,07
44,1	-2,581	-0,016	0	-0,0616	-3,75E-04	0	6,9	0,07
44,15	-2,581	-0,016	-0,157	-0,0616	-3,75E-04	-0,004	7,4	0,07
44,2	-2,582	-0,031	0	-0,0617	-7,50E-04	0	8,3	0,08
44,25	-2,584	-0,016	0,314	-0,0617	-3,75E-04	0,008	8,8	0,09
44,3	-2,584	0	0	-0,0617	0	0	9,8	0,1
44,35	-2,584	-0,016	-0,314	-0,0617	-3,75E-04	-0,007	10,7	0,11
44,4	-2,586	-0,031	-1,11E-14	-0,0617	-7,50E-04	-2,66E-16	11,2	0,11
44,45	-2,587	-0,016	0,314	-0,0618	-3,75E-04	0,008	12	0,12
44,5	-2,587	0	1,11E-14	-0,0618	0	2,66E-16	12,5	0,13
44,55	-2,587	-0,016	-0,157	-0,0618	-3,75E-04	-0,004	13,4	0,13
44,6	-2,589	-0,016	0	-0,0618	-3,75E-04	0	14,1	0,14
44,65	-2,589	-0,016	-2,23E-14	-0,0618	-3,75E-04	-5,33E-16	14,8	0,15
44,7	-2,59	-0,016	0	-0,0618	-3,75E-04	0	16,4	0,16
44,75	-2,59	-0,016	-0,157	-0,0618	-3,75E-04	-0,004	17,5	0,17
44,8	-2,592	-0,031	0	-0,0619	-7,50E-04	0	19,8	0,2
44,85	-2,593	-0,016	0,157	-0,0619	-3,75E-04	0,004	20,7	0,21
44,9	-2,593	-0,016	-1,11E-14	-0,0619	-3,75E-04	-2,66E-16	22,5	0,23
44,95	-2,595	-0,016	0,157	-0,062	-3,75E-04	0,004	23,3	0,23
45	-2,595	0	1,11E-14	-0,062	0	2,66E-16	24,1	0,24
45,05	-2,595	-0,016	-0,157	-0,062	-3,75E-04	-0,004	25,2	0,25
45,1	-2,597	-0,016	0,157	-0,062	-3,75E-04	0,004	26,2	0,26
45,15	-2,597	0	-1,11E-14	-0,062	0	-2,66E-16	27,1	0,27
45,2	-2,597	-0,016	-0,157	-0,062	-3,75E-04	-0,004	27,8	0,28
45,25	-2,598	-0,016	1,11E-14	-0,062	-3,75E-04	2,66E-16	29	0,29
45,3	-2,598	-0,016	-1,11E-14	-0,062	-3,75E-04	-2,66E-16	29,5	0,29
45,35	-2,6	-0,016	0,157	-0,0621	-3,75E-04	0,004	30,3	0,3
45,4	-2,6	0	1,11E-14	-0,0621	0	2,66E-16	32,2	0,32
45,45	-2,6	-0,016	-0,314	-0,0621	-3,75E-04	-0,008	33,5	0,33
45,5	-2,601	-0,031	0	-0,0621	-7,50E-04	0	35,4	0,35
45,55	-2,603	-0,016	0,157	-0,0621	-3,75E-04	0,004	36,4	0,36
45,6	-2,603	-0,016	0	-0,0621	-3,75E-04	0	38,8	0,39
45,65	-2,604	-0,016	1,11E-14	-0,0622	-3,75E-04	2,66E-16	39,1	0,39
45,7	-2,604	-0,016	0	-0,0622	-3,75E-04	0	41,2	0,41
45,75	-2,606	-0,016	0	-0,0622	-3,75E-04	0	42	0,42
45,8	-2,606	-0,016	0	-0,0622	-3,75E-04	0	43,3	0,43
45,85	-2,608	-0,016	0	-0,0623	-3,75E-04	0	44,6	0,45
45,9	-2,608	-0,016	-1,11E-14	-0,0623	-3,75E-04	-2,66E-16	45,5	0,45
45,95	-2,609	-0,016	0	-0,0623	-3,75E-04	0	46,9	0,47
46	-2,609	-0,016	1,11E-14	-0,0623	-3,75E-04	2,66E-16	47,6	0,48
46,05	-2,611	-0,016	-1,11E-14	-0,0623	-3,75E-04	-2,66E-16	48,7	0,49
46,1	-2,611	-0,016	-1,11E-14	-0,0623	-3,75E-04	-2,66E-16	49,4	0,49
46,15	-2,612	-0,016	0,157	-0,0624	-3,75E-04	0,004	50,7	0,51
46,2	-2,612	0	1,11E-14	-0,0624	0	2,66E-16	51,4	0,51
46,25	-2,612	-0,016	-0,157	-0,0624	-3,75E-04	-0,004	52,8	0,53
46,3	-2,614	-0,016	1,12E-14	-0,0624	-3,75E-04	2,67E-16	53	0,53
46,35	-2,614	-0,016	0	-0,0624	-3,75E-04	0	53,5	0,53
46,4	-2,615	-0,016	0,157	-0,0624	-3,75E-04	0,004	53,5	0,54
46,45	-2,615	0	0,157	-0,0624	0	0,004	53,9	0,54
46,5	-2,615	0	-0,157	-0,0624	0	-0,004	54,7	0,55
46,55	-2,615	-0,016	-0,157	-0,0624	-3,75E-04	-0,004	55,5	0,56
46,6	-2,617	-0,016	0	-0,0625	-3,75E-04	6,94E-16	56	0,56
46,65	-2,617	-0,016	1,11E-14	-0,0625	-3,75E-04	9,60E-16	56,2	0,56
46,7	-2,619	-0,016	0,157	-0,0625	-3,75E-04	0,004	57,2	0,57
46,75	-2,619	0	0	-0,0625	0	0	57,4	0,57
46,8	-2,619	-0,016	-0,157	-0,0625	-3,75E-04	-0,004	58,3	0,58
46,85	-2,62	-0,016	0	-0,0626	-3,75E-04	0	57,9	0,58
46,9	-2,62	-0,016	-2,23E-14	-0,0626	-3,75E-04	-5,33E-16	57,9	0,58
46,95	-2,622	-0,016	0,157	-0,0626	-3,75E-04	0,004	58,2	0,58
47	-2,622	0	1,11E-14	-0,0626	0	2,66E-16	58,4	0,58
47,05	-2,622	-0,016	-0,157	-0,0626	-3,75E-04	-0,004	58	0,58
47,1	-2,623	-0,016	0	-0,0626	-3,75E-04	0	58,2	0,58
47,15	-2,623	-0,016	-2,23E-14	-0,0626	-3,75E-04	-5,33E-16	59,2	0,59
47,2	-2,625	-0,016	0,157	-0,0627	-3,75E-04	0,004	58,9	0,59
47,25	-2,625	0	1,11E-14	-0,0627	0	2,66E-16	57,1	0,57
47,3	-2,625	-0,016	-0,157	-0,0627	-3,75E-04	-0,004	57,7	0,58
47,35	-2,626	-0,016	0	-0,0627	-3,75E-04	0	58,7	0,59
47,4	-2,626	-0,016	-0,157	-0,0627	-3,75E-04	-0,004	55,5	0,56
47,45	-2,628	-0,031	0	-0,0627	-7,50E-04	0	55	0,55
47,5	-2,63	-0,016	0,157	-0,0628	-3,75E-04	0,004	57,2	0,57
47,55	-2,63	-0,016	-1,11E-14	-0,0628	-3,75E-04	-2,66E-16	56,6	0,57
47,6	-2,631	-0,016	0,157	-0,0628	-3,75E-04	0,004	55,3	0,55
47,65	-2,631	0	1,11E-14	-0,0628	0	2,66E-16	55,5	0,55
47,7	-2,631	-0,016	-0,157	-0,0628	-3,75E-04	-0,004	51,9	0,52
47,75	-2,633	-0,016	0,157	-0,0629	-3,75E-04	0,004	52,8	0,53
47,8	-2,633	0	0,157	-0,0629	0	0,004	53,6	0,54
47,85	-2,633	0	0	-0,0629	0	0	52,7	0,53
47,9	-2,633	0	0	-0,0629	0	0	54	0,54
47,95	-2,633	0	0	-0,0629	0	0	53,9	0,54
48	-2,633	0	0	-0,0629	0	0	52,8	0,53
48,05	-2,633	0	0	-0,0629	0	0	53,2	0,53
48,1	-2,633	0	-0,157	-0,0629	0	-0,004	52,7	0,53
48,15	-2,633	-0,016	-0,157	-0,0629	-3,75E-04	-0,004	52,1	0,52
48,2	-2,634	-0,016	0,157	-0,0629	-3,75E-04	0,004	51,1	0,51
48,25	-2,634	0	0	-0,0629	0	0	50,6	0,51
48,3	-2,634	-0,016	-0,314	-0,0629	-3,75E-04	-0,007	49,8	0,5
48,35	-2,636	-0,031	0	-0,0629	-7,50E-04	0	48,2	0,48
48,4	-2,637	-0,016	0,157	-0,063	-3,75E-04	0,004	47	0,47
48,45	-2,637	-0,016	-1,11E-14	-0,063	-3,75E-04	-2,66E-16	46,7	0,47
48,5	-2,639	-0,016	1,11E-14	-0,063	-3,75E-04	2,66E-16	44,8	0,45
48,55	-2,639	-0,016	2,23E-14	-0,063	-3,75E-04	5,33E-16	43,8	0,44
48,6	-2,641	-0,016	0	-0,063	-3,75E-04	0	42,5	0,43
48,65	-2,641	-0,016	-2,23E-14	-0,063	-3,75E-04	-5,33E-16	41,6	0,42
48,7	-2,642	-0,016	0,157	-0,0631	-3,75E-04	0,004	39,7	0,4
48,75	-2,642	0	0,157	-0,0631	0	0,004	39,8	0,4
48,8	-2,642	0	-0,157	-0,0631	0	-0,004	38,3	0,38
48,85	-2,642	-0,016	-0,157	-0,0631	-3,75E-04	-0,004	37,9	0,38
48,9	-2,644	-0,016	-1,11E-14	-0,0631	-3,75E-04	-2,66E-16	36	0,36
48,95	-2,644	-0,016	0	-0,0631	-3,75E-04	0	36,2	0,36
49	-2,645	-0,016	0,157	-0,0632	-3,75E-04	0,004	35	0,35
49,05	-2,645	0	0,157	-0,0632	0	0,004	34,7	0,35
49,1	-2,645	0	0	-0,0632	0	0	34,2	0,34
49,15	-2,645	0	-0,157	-0,0632	0	-0,004	33	0,33
49,2	-2,645	-0,016	-0,157	-0,0632	-3,75E-04	-0,004	32,2	0,32
49,25	-2,647	-0,016	1,11E-14	-0,0632	-3,75E-04	2,66E-16	30,3	0,3
49,3	-2,647	-0,016	2,23E-14	-0,0632	-3,75E-04	5,33E-16	29,2	0,29
49,35	-2,648	-0,016	0	-0,0632	-3,75E-04	0	27,9	0,28
49,4	-2,648	-0,016	-2,23E-14	-0,0632	-3,75E-04	-5,33E-16	27,3	0,27
49,45	-2,65	-0,016	0	-0,0633	-3,75E-04	0	26,2	0,26
49,5	-2,65	-0,016	1,11E-14	-0,0633	-3,75E-04	2,66E-16	24	0,24
49,55	-2,652	-0,016	0	-0,0633	-3,75E-04	0	23,3	0,23
49,6	-2,652	-0,016	0	-0,0633	-3,75E-04	0	21,5	0,21
49,65	-2,653	-0,016	-1,11E-14	-0,0633	-3,75E-04	-2,66E-16	20,9	0,21
49,7	-2,653	-0,016	-0,157	-0,0633	-3,75E-04	-0,004	20	0,2
49,75	-2,655	-0,031	1,11E-14	-0,0634	-7,50E-04	2,66E-16	18	0,18
49,8	-2,656	-0,016	0,314	-0,0634	-3,75E-04	0,007	17,3	0,17
49,85	-2,656	0	0	-0,0634	0	0	16,1	0,16
49,9	-2,656	-0,016	-0,157	-0,0634	-3,75E-04	-0,004	15,4	0,15
49,95	-2,658	-0,016	0	-0,0635	-3,75E-04	0	14,8	0,15
50	-2,658	-0,016	1,11E-14	-0,0635	-3,75E-04	2,66E-16	13,3	0,13
50,05	-2,659	-0,016	0	-0,0635	-3,75E-04	0	12,6	0,13
50,1	-2,659	-0,016	-0,157	-0,0635	-3,75E-04	-0,004	11,1	0,11
50,15	-2,661	-0,031	-1,11E-14	-0,0635	-7,50E-04	-2,66E-16	10,4	0,1
50,2	-2,663	-0,016	0,157	-0,0636	-3,75E-04	0,004	9,6	0,1
50,25	-2,663	-0,016	-0,157	-0,0636	-3,75E-04	-0,004	8,5	0,09
50,3	-2,664	-0,031	2,23E-14	-0,0636	-7,50E-04	5,33E-16	7,7	0,08
50,35	-2,666	-0,016	0,157	-0,0636	-3,75E-04	0,004	6,4	0,06
50,4	-2,666	-0,016	-0,157	-0,0636	-3,75E-04	-0,004	6	0,06
50,45	-2,667	-0,031	-1,11E-14	-0,0637	-7,50E-04	-2,66E-16	5,6	0,06
50,5	-2,669	-0,016	0,157	-0,0637	-3,75E-04	0,004	5	0,05
50,55	-2,669	-0,016	2,23E-14	-0,0637	-3,75E-04	5,33E-16	4,9	0,05
50,6	-2,67	-0,016	0,157	-0,0638	-3,75E-04	0,004	4,4	0,04
50,65	-2,67	0	-2,23E-14	-0,0638	0	-5,33E-16	4,2	0,04
50,7	-2,67	-0,016	-0,314	-0,0638	-3,75E-04	-0,007	4	0,04
50,75	-2,672	-0,031	1,11E-14	-0,0638	-7,50E-04	2,66E-16	3,6	0,04
50,8	-2,673	-0,016	0,157	-0,0638	-3,75E-04	0,004	3,4	0,03
50,85	-2,673	-0,016	0	-0,0638	-3,75E-04	0	3,3	0,03
50,9	-2,675	-0,016	0,157	-0,0639	-3,75E-04	0,004	3,1	0,03
50,95	-2,675	0	0	-0,0639	0	0	3,1	0,03
51	-2,675	-0,016	-0,157	-0,0639	-3,75E-04	-0,004	2,9	0,03
51,05	-2,677	-0,016	0,157	-0,0639	-3,75E-04	0,004	2,8	0,03
51,1	-2,677	0	0,157	-0,0639	0	0,004	2,8	0,03
51,15	-2,677	0	-0,157	-0,0639	0	-0,004	2,7	0,03
51,2	-2,677	-0,016	-0,314	-0,0639	-3,75E-04	-0,008	2,7	0,03
51,25	-2,678	-0,031	1,11E-14	-0,0639	-7,50E-04	2,66E-16	2,6	0,03
51,3	-2,68	-0,016	0,157	-0,064	-3,75E-04	0,004	2,6	0,03
51,35	-2,68	-0,016	0	-0,064	-3,75E-04	0	2,6	0,03
51,4	-2,681	-0,016	0	-0,064	-3,75E-04	0	2,7	0,03
51,45	-2,681	-0,016	-0,157	-0,064	-3,75E-04	-0,004	2,7	0,03
51,5	-2,683	-0,031	-0,157	-0,0641	-7,50E-04	-0,004	2,8	0,03
51,55	-2,684	-0,031	0,157	-0,0641	-7,50E-04	0,004	2,9	0,03
51,6	-2,686	-0,016	0,157	-0,0641	-3,75E-04	0,004	2,9	0,03
51,65	-2,686	-0,016	-0,157	-0,0641	-3,75E-04	-0,004	3	0,03
51,7	-2,688	-0,031	-0,157	-0,0642	-7,50E-04	-0,004	3,2	0,03
51,75	-2,689	-0,031	0,157	-0,0642	-7,50E-04	0,004	3,3	0,03
51,8	-2,691	-0,016	0,157	-0,0642	-3,75E-04	0,004	3,3	0,03
51,85	-2,691	-0,016	-0,157	-0,0642	-3,75E-04	-0,004	3,4	0,03
51,9	-2,692	-0,031	-1,11E-14	-0,0643	-7,50E-04	-2,66E-16	3,4	0,03
51,95	-2,694	-0,016	0,157	-0,0643	-3,75E-04	0,004	3,5	0,04
52	-2,694	-0,016	1,11E-14	-0,0643	-3,75E-04	2,66E-16	3,6	0,04
52,05	-2,695	-0,016	2,23E-14	-0,0644	-3,75E-04	5,33E-16	3,6	0,04
52,1	-2,695	-0,016	-0,157	-0,0644	-3,75E-04	-0,004	3,5	0,04
52,15	-2,697	-0,031	-2,23E-14	-0,0644	-7,50E-04	-5,33E-16	3,5	0,04
52,2	-2,699	-0,016	0,157	-0,0644	-3,75E-04	0,004	3,5	0,03
52,25	-2,699	-0,016	1,11E-14	-0,0644	-3,75E-04	2,66E-16	3,6	0,04
52,3	-2,7	-0,016	0,157	-0,0645	-3,75E-04	0,004	3,6	0,04
52,35	-2,7	0	0	-0,0645	0	0	3,6	0,04
52,4	-2,7	-0,016	-0,157	-0,0645	-3,75E-04	-0,004	3,5	0,03
52,45	-2,702	-0,016	-1,11E-14	-0,0645	-3,75E-04	-2,66E-16	3,4	0,03
52,5	-2,702	-0,016	1,11E-14	-0,0645	-3,75E-04	2,66E-16	3,3	0,03
52,55	-2,703	-0,016	1,11E-14	-0,0645	-3,75E-04	2,66E-16	3,4	0,03
52,6	-2,703	-0,016	0	-0,0645	-3,75E-04	0	3,4	0,03
52,65	-2,705	-0,016	0,157	-0,0646	-3,75E-04	0,004	3,3	0,03
52,7	-2,705	0	0,157	-0,0646	0	0,004	3,3	0,03
52,75	-2,705	0	-0,157	-0,0646	0	-0,004	3,3	0,03
52,8	-2,705	-0,016	-0,157	-0,0646	-3,75E-04	-0,004	3,2	0,03
52,85	-2,706	-0,016	0	-0,0646	-3,75E-04	0	3,2	0,03
52,9	-2,706	-0,016	-2,23E-14	-0,0646	-3,75E-04	-5,33E-16	3,1	0,03
52,95	-2,708	-0,016	0	-0,0647	-3,75E-04	0	3	0,03
53	-2,708	-0,016	-0,157	-0,0647	-3,75E-04	-0,004	2,9	0,03
53,05	-2,71	-0,031	0	-0,0647	-7,50E-04	0	2,7	0,03
53,1	-2,711	-0,016	0,157	-0,0647	-3,75E-04	0,004	2,6	0,03
53,15	-2,711	-0,016	-1,11E-14	-0,0647	-3,75E-04	-2,66E-16	2,5	0,03
53,2	-2,713	-0,016	-1,11E-14	-0,0648	-3,75E-04	-2,66E-16	2,5	0,02
53,25	-2,713	-0,016	1,11E-14	-0,0648	-3,75E-04	2,66E-16	2,4	0,02
53,3	-2,714	-0,016	0,157	-0,0648	-3,75E-04	0,004	2,4	0,02
53,35	-2,714	0	0	-0,0648	0	0	2,3	0,02
53,4	-2,714	-0,016	-0,314	-0,0648	-3,75E-04	-0,007	2,2	0,02
53,45	-2,716	-0,031	0	-0,0648	-7,50E-04	0	2,2	0,02
53,5	-2,717	-0,016	0,314	-0,0649	-3,75E-04	0,008	2	0,02
53,55	-2,717	0	0	-0,0649	0	0	2	0,02
53,6	-2,717	-0,016	-0,314	-0,0649	-3,75E-04	-0,007	1,9	0,02
53,65	-2,719	-0,031	-1,11E-14	-0,0649	-7,50E-04	-2,66E-16	1,8	0,02
53,7	-2,721	-0,016	0,157	-0,065	-3,75E-04	0,004	1,7	0,02
53,75	-2,721	-0,016	-0,157	-0,065	-3,75E-04	-0,004	1,6	0,02
53,8	-2,722	-0,031	0	-0,065	-7,50E-04	0	1,6	0,02
53,85	-2,724	-0,016	0,157	-0,065	-3,75E-04	0,004	1,6	0,02
53,9	-2,724	-0,016	-1,11E-14	-0,065	-3,75E-04	-2,66E-16	1,6	0,02
53,95	-2,725	-0,016	0,157	-0,0651	-3,75E-04	0,004	1,6	0,02
54	-2,725	0	0,157	-0,0651	0	0,004	1,5	0,02
54,05	-2,725	0	0	-0,0651	0	0	1,5	0,01
54,1	-2,725	0	0	-0,0651	0	0	1,5	0,01
54,15	-2,725	0	0	-0,0651	0	0	1,5	0,01
54,2	-2,725	0	-0,157	-0,0651	0	-0,004	1,5	0,01
54,25	-2,725	-0,016	-0,314	-0,0651	-3,75E-04	-0,007	1,4	0,01
54,3	-2,727	-0,031	-0,157	-0,0651	-7,50E-04	-0,004	1,4	0,01
54,35	-2,728	-0,031	0	-0,0651	-7,50E-04	0	1,4	0,01
54,4	-2,73	-0,031	0,157	-0,0652	-7,50E-04	0,004	1,4	0,01
54,45	-2,732	-0,016	0,157	-0,0652	-3,75E-04	0,004	1,4	0,01
54,5	-2,732	-0,016	1,11E-14	-0,0652	-3,75E-04	2,66E-16	1,4	0,01
54,55	-2,733	-0,016	0	-0,0653	-3,75E-04	0	1,4	0,01
54,6	-2,733	-0,016	-0,157	-0,0653	-3,75E-04	-0,004	1,4	0,01
54,65	-2,735	-0,031	-1,11E-14	-0,0653	-7,50E-04	-2,66E-16	1,4	0,01
54,7	-2,736	-0,016	0,314	-0,0653	-3,75E-04	0,007	1,4	0,01
54,75	-2,736	0	0,157	-0,0653	0	0,004	1,4	0,01
54,8	-2,736	0	-0,157	-0,0653	0	-0,004	1,5	0,01
54,85	-2,736	-0,016	-0,157	-0,0653	-3,75E-04	-0,004	1,5	0,01
54,9	-2,738	-0,016	-1,11E-14	-0,0654	-3,75E-04	-2,66E-16	1,5	0,01
54,95	-2,738	-0,016	0	-0,0654	-3,75E-04	0	1,5	0,02
55	-2,739	-0,016	0,157	-0,0654	-3,75E-04	0,004	1,5	0,02
55,05	-2,739	0	0	-0,0654	0	0	1,5	0,02
55,1	-2,739	-0,016	-0,471	-0,0654	-3,75E-04	-0,011	1,6	0,02
55,15	-2,741	-0,047	-0,314	-0,0654	-0,001	-0,008	1,6	0,02
55,2	-2,744	-0,047	0,314	-0,0655	-0,001	0,008	1,6	0,02
55,25	-2,746	-0,016	0,314	-0,0656	-3,75E-04	0,008	1,6	0,02
55,3	-2,746	-0,016	2,23E-14	-0,0656	-3,75E-04	5,33E-16	1,7	0,02
55,35	-2,747	-0,016	0	-0,0656	-3,75E-04	0	1,6	0,02
55,4	-2,747	-0,016	-2,23E-14	-0,0656	-3,75E-04	-5,33E-16	1,6	0,02
55,45	-2,749	-0,016	0	-0,0656	-3,75E-04	0	1,6	0,02
55,5	-2,749	-0,016	-0,157	-0,0656	-3,75E-04	-0,004	1,6	0,02
55,55	-2,75	-0,031	-0,157	-0,0657	-7,50E-04	-0,004	1,6	0,02
55,6	-2,752	-0,031	0	-0,0657	-7,50E-04	0	1,6	0,02
55,65	-2,754	-0,031	0,157	-0,0657	-7,50E-04	0,004	1,6	0,02
55,7	-2,755	-0,016	0,157	-0,0658	-3,75E-04	0,004	1,6	0,02
55,75	-2,755	-0,016	0	-0,0658	-3,75E-04	0	1,6	0,02
55,8	-2,757	-0,016	0,157	-0,0658	-3,75E-04	0,004	1,6	0,02
55,85	-2,757	0	0,157	-0,0658	0	0,004	1,5	0,02
55,9	-2,757	0	-0,157	-0,0658	0	-0,004	1,6	0,02
55,95	-2,757	-0,016	-0,157	-0,0658	-3,75E-04	-0,004	1,5	0,02
56	-2,758	-0,016	0	-0,0659	-3,75E-04	0	1,5	0,02
56,05	-2,758	-0,016	-0,157	-0,0659	-3,75E-04	-0,004	1,4	0,01
56,1	-2,76	-0,031	-0,157	-0,0659	-7,50E-04	-0,004	1,4	0,01
56,15	-2,761	-0,031	0,157	-0,0659	-7,50E-04	0,004	1,4	0,01
56,2	-2,763	-0,016	0,157	-0,066	-3,75E-04	0,004	1,3	0,01
56,25	-2,763	-0,016	-0,157	-0,066	-3,75E-04	-0,004	1,3	0,01
56,3	-2,765	-0,031	0	-0,066	-7,50E-04	0	1,2	0,01
56,35	-2,766	-0,016	0,157	-0,066	-3,75E-04	0,004	1,2	0,01
56,4	-2,766	-0,016	-1,11E-14	-0,066	-3,75E-04	-2,66E-16	1,1	0,01
56,45	-2,768	-0,016	0,157	-0,0661	-3,75E-04	0,004	1,1	0,01
56,5	-2,768	0	1,11E-14	-0,0661	0	2,66E-16	1,1	0,01
56,55	-2,768	-0,016	-0,157	-0,0661	-3,75E-04	-0,004	1,1	0,01
56,6	-2,769	-0,016	0	-0,0661	-3,75E-04	0	1	0,01
56,65	-2,769	-0,016	-1,11E-14	-0,0661	-3,75E-04	-2,66E-16	1	0,01
56,7	-2,771	-0,016	-1,11E-14	-0,0662	-3,75E-04	-2,66E-16	1	0,01
56,75	-2,771	-0,016	1,11E-14	-0,0662	-3,75E-04	2,66E-16	0,9	0,01
56,8	-2,772	-0,016	0,157	-0,0662	-3,75E-04	0,004	0,9	0,01
56,85	-2,772	0	0,157	-0,0662	0	0,004	1	0,01
56,9	-2,772	0	0	-0,0662	0	0	1	0,01
56,95	-2,772	0	0	-0,0662	0	0	0,9	0,01
57	-2,772	0	0	-0,0662	0	0	0,9	0,01
57,05	-2,772	0	0	-0,0662	0	0	1	0,01
57,1	-2,772	0	-0,157	-0,0662	0	-0,004	0,9	0,01
57,15	-2,772	-0,016	-0,471	-0,0662	-3,75E-04	-0,011	0,9	0,01
57,2	-2,774	-0,047	-0,314	-0,0662	-0,001	-0,008	0,8	0,01
57,25	-2,777	-0,047	0,314	-0,0663	-0,001	0,008	0,8	0,01
57,3	-2,779	-0,016	0,314	-0,0663	-3,75E-04	0,007	0,8	0,01
57,35	-2,779	-0,016	0	-0,0663	-3,75E-04	0	0,8	0,01
57,4	-2,78	-0,016	-1,11E-14	-0,0664	-3,75E-04	-2,66E-16	0,8	0,01
57,45	-2,78	-0,016	-0,157	-0,0664	-3,75E-04	-0,004	0,8	0,01
57,5	-2,782	-0,031	1,11E-14	-0,0664	-7,50E-04	2,66E-16	0,7	0,01
57,55	-2,783	-0,016	0,157	-0,0665	-3,75E-04	0,004	0,7	0,01
57,6	-2,783	-0,016	-0,314	-0,0665	-3,75E-04	-0,007	0,8	0,01
57,65	-2,785	-0,047	-0,471	-0,0665	-0,001	-0,011	0,8	0,01
57,7	-2,788	-0,063	0	-0,0666	-0,002	0	0,8	0,01
57,75	-2,791	-0,047	0,314	-0,0666	-0,001	0,008	0,8	0,01
57,8	-2,793	-0,031	0,314	-0,0667	-7,50E-04	0,007	0,8	0,01
57,85	-2,794	-0,016	0,157	-0,0667	-3,75E-04	0,004	0,9	0,01
57,9	-2,794	-0,016	-0,157	-0,0667	-3,75E-04	-0,004	0,9	0,01
57,95	-2,796	-0,031	-0,157	-0,0668	-7,50E-04	-0,004	0,9	0,01
58	-2,798	-0,031	2,23E-14	-0,0668	-7,50E-04	5,32E-16	0,9	0,01
58,05	-2,799	-0,031	0,157	-0,0668	-7,50E-04	0,004	0,9	0,01
58,1	-2,801	-0,016	0,314	-0,0669	-3,75E-04	0,007	0,9	0,01
58,15	-2,801	0	0,157	-0,0669	0	0,004	0,9	0,01
58,2	-2,801	0	0	-0,0669	0	0	0,9	0,01
58,25	-2,801	0	0	-0,0669	0	0	0,9	0,01
58,3	-2,801	0	0	-0,0669	0	0	0,9	0,01
58,35	-2,801	0	-0,157	-0,0669	0	-0,004	0,9	0,01
58,4	-2,801	-0,016	-0,314	-0,0669	-3,75E-04	-0,008	0,9	0,01
58,45	-2,802	-0,031	-0,157	-0,0669	-7,50E-04	-0,004	1	0,01
58,5	-2,804	-0,031	2,23E-14	-0,0669	-7,50E-04	5,32E-16	1	0,01
58,55	-2,805	-0,031	0	-0,067	-7,50E-04	0	1	0,01
58,6	-2,807	-0,031	0	-0,067	-7,50E-04	0	1	0,01
58,65	-2,809	-0,031	-2,23E-14	-0,0671	-7,50E-04	-5,32E-16	1	0,01
58,7	-2,81	-0,031	0	-0,0671	-7,50E-04	0	0,9	0,01
58,75	-2,812	-0,031	2,23E-14	-0,0671	-7,50E-04	5,32E-16	0,9	0,01
58,8	-2,813	-0,031	-0,157	-0,0672	-7,50E-04	-0,004	0,9	0,01
58,85	-2,815	-0,047	-0,157	-0,0672	-0,001	-0,004	0,9	0,01
58,9	-2,818	-0,047	-3,35E-14	-0,0673	-0,001	-8,00E-16	0,9	0,01
58,95	-2,82	-0,047	0	-0,0673	-0,001	0	0,9	0,01
59	-2,823	-0,047	-0,157	-0,0674	-0,001	-0,004	0,9	0,01
59,05	-2,824	-0,063	-0,314	-0,0674	-0,001	-0,007	0,8	0,01
59,1	-2,829	-0,079	-4,44E-14	-0,0675	-0,002	-1,39E-15	0,8	0,01
59,15	-2,832	-0,063	0,157	-0,0676	-0,002	0,004	0,8	0,01
59,2	-2,835	-0,063	0,157	-0,0677	-0,002	0,004	0,8	0,01
59,25	-2,838	-0,047	0,314	-0,0678	-0,001	0,008	0,8	0,01
59,3	-2,84	-0,031	0,157	-0,0678	-7,50E-04	0,004	0,8	0,01
59,35	-2,842	-0,031	0,157	-0,0678	-7,50E-04	0,004	0,8	0,01
59,4	-2,843	-0,016	0,157	-0,0679	-3,75E-04	0,004	0,8	0,01
59,45	-2,843	-0,016	-0,314	-0,0679	-3,75E-04	-0,008	0,8	0,01
59,5	-2,845	-0,047	-0,314	-0,0679	-0,001	-0,008	0,8	0,01
59,55	-2,848	-0,047	0,157	-0,068	-0,001	0,004	0,8	0,01
59,6	-2,849	-0,031	0	-0,068	-7,50E-04	0	0,8	0,01
59,65	-2,851	-0,047	-0,314	-0,0681	-0,001	-0,008	0,8	0,01
59,7	-2,854	-0,063	-0,157	-0,0681	-0,002	-0,004	0,7	0,01
59,75	-2,857	-0,063	0,157	-0,0682	-0,002	0,004	0,7	0,01
59,8	-2,86	-0,047	0,314	-0,0683	-0,001	0,008	0,7	0,01
59,85	-2,862	-0,031	0	-0,0683	-7,50E-04	0	0,6	0,01
59,9	-2,864	-0,047	-0,471	-0,0684	-0,001	-0,011	0,6	0,01
59,95	-2,867	-0,079	-0,471	-0,0684	-0,002	-0,011	0,6	0,01
60	-2,871	-0,094	5,58E-14	-0,0686	-0,002	1,33E-15	0,5	0
60,05	-2,876	-0,079	0,314	-0,0687	-0,002	0,007	0,5	0
60,1	-2,879	-0,063	0,157	-0,0687	-0,002	0,004	0,5	0
60,15	-2,882	-0,063	4,46E-14	-0,0688	-0,002	1,07E-15	0,5	0
60,2	-2,886	-0,063	0	-0,0689	-0,002	0	0,5	0,01
60,25	-2,889	-0,063	-0,157	-0,069	-0,002	-0,004	0,5	0,01
60,3	-2,892	-0,079	-0,471	-0,069	-0,002	-0,011	0,5	0,01
60,35	-2,897	-0,11	4,44E-14	-0,0692	-0,003	1,39E-15	0,6	0,01
60,4	-2,903	-0,079	0,628	-0,0693	-0,002	0,015	0,6	0,01
60,45	-2,904	-0,047	-0,314	-0,0693	-0,001	-0,008	0,6	0,01
60,5	-2,908	-0,11	-0,785	-0,0694	-0,003	-0,019	0,5	0,01
60,55	-2,915	-0,126	0,314	-0,0696	-0,003	0,007	0,5	0,01
60,6	-2,92	-0,079	0,628	-0,0697	-0,002	0,015	0,5	0
60,65	-2,923	-0,063	5,58E-14	-0,0698	-0,002	1,33E-15	0,5	0
60,7	-2,926	-0,079	-0,314	-0,0699	-0,002	-0,007	0,4	0
60,75	-2,931	-0,094	-0,157	-0,07	-0,002	-0,004	0,4	0
60,8	-2,936	-0,094	0,157	-0,0701	-0,002	0,004	0,4	0
60,85	-2,941	-0,079	0,314	-0,0702	-0,002	0,007	0,4	0
60,9	-2,944	-0,063	0,157	-0,0703	-0,002	0,004	0,5	0
60,95	-2,947	-0,063	-0,471	-0,0704	-0,002	-0,011	0,5	0
61	-2,95	-0,11	-0,628	-0,0704	-0,003	-0,015	0,5	0,01
61,05	-2,958	-0,126	0,314	-0,0706	-0,003	0,007	0,5	0,01
61,1	-2,963	-0,079	0,471	-0,0707	-0,002	0,011	0,5	0,01
61,15	-2,966	-0,079	-0,157	-0,0708	-0,002	-0,004	0,5	0,01
61,2	-2,97	-0,094	-0,314	-0,0709	-0,002	-0,007	0,5	0
61,25	-2,975	-0,11	0	-0,071	-0,003	0	0,5	0
61,3	-2,981	-0,094	0,314	-0,0712	-0,002	0,007	0,5	0
61,35	-2,985	-0,079	-0,157	-0,0713	-0,002	-0,004	0,5	0
61,4	-2,989	-0,11	-0,314	-0,0714	-0,003	-0,007	0,4	0
61,45	-2,996	-0,11	0,157	-0,0715	-0,003	0,004	0,4	0
61,5	-3	-0,094	0,157	-0,0716	-0,002	0,004	0,5	0
61,55	-3,005	-0,094	6,70E-14	-0,0717	-0,002	1,60E-15	0,4	0
61,6	-3,01	-0,094	0,157	-0,0719	-0,002	0,004	0,5	0
61,65	-3,014	-0,079	0,157	-0,072	-0,002	0,004	0,5	0
61,7	-3,018	-0,079	-0,157	-0,072	-0,002	-0,004	0,5	0
61,75	-3,022	-0,094	-0,314	-0,0722	-0,002	-0,007	0,5	0
61,8	-3,027	-0,11	-0,471	-0,0723	-0,003	-0,011	0,5	0
61,85	-3,033	-0,141	-0,157	-0,0724	-0,003	-0,004	0,5	0
61,9	-3,041	-0,126	0,785	-0,0726	-0,003	0,019	0,5	0
61,95	-3,046	-0,063	0,628	-0,0727	-0,002	0,015	0,5	0
62	-3,047	-0,063	-0,314	-0,0728	-0,001	-0,007	0,5	0
62,05	-3,052	-0,094	-0,314	-0,0729	-0,002	-0,007	0,5	0
62,1	-3,057	-0,094	-0,157	-0,073	-0,002	-0,004	0,5	0
62,15	-3,061	-0,11	-0,314	-0,0731	-0,003	-0,008	0,5	0
62,2	-3,068	-0,126	-0,314	-0,0732	-0,003	-0,008	0,4	0
62,25	-3,074	-0,141	8,91E-14	-0,0734	-0,003	2,13E-15	0,4	0
62,3	-3,082	-0,126	0,471	-0,0736	-0,003	0,011	0,4	0
62,35	-3,087	-0,094	0,314	-0,0737	-0,002	0,007	0,4	0
62,4	-3,091	-0,094	0,157	-0,0738	-0,002	0,004	0,4	0
62,45	-3,096	-0,079	0	-0,0739	-0,002	0	0,4	0
62,5	-3,099	-0,094	-0,314	-0,074	-0,002	-0,007	0,4	0
62,55	-3,105	-0,11	0,314	-0,0741	-0,003	0,007	0,4	0
62,6	-3,11	-0,063	0,785	-0,0743	-0,001	0,019	0,4	0
62,65	-3,112	-0,031	-4,46E-14	-0,0743	-7,50E-04	-1,07E-15	0,4	0
62,7	-3,113	-0,063	-0,471	-0,0743	-0,002	-0,011	0,4	0
62,75	-3,118	-0,079	-0,314	-0,0744	-0,002	-0,007	0,4	0
62,8	-3,121	-0,094	4,44E-14	-0,0745	-0,002	1,39E-15	0,4	0
62,85	-3,127	-0,079	0,314	-0,0747	-0,002	0,007	0,3	0
62,9	-3,129	-0,063	-0,314	-0,0747	-0,001	-0,008	0,3	0
62,95	-3,134	-0,11	-0,471	-0,0748	-0,003	-0,011	0,3	0
63	-3,14	-0,11	0,314	-0,075	-0,003	0,008	0,3	0
63,05	-3,145	-0,079	0,157	-0,0751	-0,002	0,004	0,3	0
63,1	-3,148	-0,094	-0,314	-0,0752	-0,002	-0,007	0,3	0
63,15	-3,154	-0,11	-0,314	-0,0753	-0,003	-0,008	0,3	0
63,2	-3,159	-0,126	-0,157	-0,0754	-0,003	-0,004	0,3	0
63,25	-3,167	-0,126	0,314	-0,0756	-0,003	0,008	0,3	0
63,3	-3,171	-0,094	0,471	-0,0757	-0,002	0,011	0,3	0
63,35	-3,176	-0,079	0,157	-0,0758	-0,002	0,004	0,3	0
63,4	-3,179	-0,079	-0,314	-0,0759	-0,002	-0,008	0,3	0
63,45	-3,184	-0,11	-0,157	-0,076	-0,003	-0,004	0,3	0
63,5	-3,19	-0,094	0,628	-0,0762	-0,002	0,015	0,3	0
63,55	-3,193	-0,047	0,314	-0,0762	-0,001	0,007	0,3	0
63,6	-3,195	-0,063	-0,628	-0,0763	-0,002	-0,015	0,3	0
63,65	-3,2	-0,11	-0,628	-0,0764	-0,003	-0,015	0,3	0
63,7	-3,206	-0,126	0,157	-0,0765	-0,003	0,004	0,3	0
63,75	-3,212	-0,094	0,471	-0,0767	-0,002	0,011	0,3	0
63,8	-3,215	-0,079	0,157	-0,0768	-0,002	0,004	0,3	0
63,85	-3,22	-0,079	-0,157	-0,0769	-0,002	-0,004	0,3	0
63,9	-3,223	-0,094	-0,157	-0,077	-0,002	-0,004	0,3	0
63,95	-3,23	-0,094	0,157	-0,0771	-0,002	0,004	0,2	0
64	-3,233	-0,079	0	-0,0772	-0,002	0	0,2	0
64,05	-3,237	-0,094	-0,471	-0,0773	-0,002	-0,011	0,2	0
64,1	-3,242	-0,126	-0,157	-0,0774	-0,003	-0,004	0,2	0
64,15	-3,25	-0,11	0,471	-0,0776	-0,003	0,011	0,2	0
64,2	-3,253	-0,079	0,157	-0,0777	-0,002	0,004	0,2	0
64,25	-3,258	-0,094	-0,157	-0,0778	-0,002	-0,004	0,2	0
64,3	-3,263	-0,094	-0,157	-0,0779	-0,002	-0,004	0,2	0
64,35	-3,267	-0,11	-0,314	-0,078	-0,003	-0,007	0,2	0
64,4	-3,274	-0,126	-1,56E-13	-0,0782	-0,003	-3,73E-15	0,2	0
64,45	-3,28	-0,11	-1,79E-13	-0,0783	-0,003	-4,26E-15	0,2	0
64,5	-3,285	-0,126	1,56E-13	-0,0784	-0,003	3,73E-15	0,2	0
64,55	-3,292	-0,11	0,628	-0,0786	-0,003	0,015	0,2	0
64,6	-3,296	-0,063	0,314	-0,0787	-0,001	0,007	0,2	0
64,65	-3,299	-0,079	-0,314	-0,0788	-0,002	-0,008	0,2	0
64,7	-3,303	-0,094	-0,314	-0,0789	-0,002	-0,008	0,2	0
64,75	-3,308	-0,11	-0,314	-0,079	-0,003	-0,007	0,2	0
64,8	-3,314	-0,126	0,314	-0,0791	-0,003	0,008	0,2	0
64,85	-3,321	-0,079	0,471	-0,0793	-0,002	0,011	0,2	0
64,9	-3,322	-0,079	-0,471	-0,0793	-0,002	-0,011	0,2	0
64,95	-3,329	-0,126	-0,314	-0,0795	-0,003	-0,008	0,2	0
65	-3,335	-0,11	0,471	-0,0796	-0,003	0,011	0,2	0
65,05	-3,34	-0,079	0,314	-0,0797	-0,002	0,008	0,2	0
65,1	-3,343	-0,079	-0,314	-0,0798	-0,002	-0,008	0,2	0
65,15	-3,347	-0,11	-0,314	-0,0799	-0,003	-0,008	0,2	0
65,2	-3,354	-0,11	0,314	-0,0801	-0,003	0,008	0,2	0
65,25	-3,358	-0,079	0,314	-0,0802	-0,002	0,008	0,2	0
65,3	-3,362	-0,079	-0,157	-0,0803	-0,002	-0,004	0,2	0
65,35	-3,366	-0,094	-0,314	-0,0804	-0,002	-0,008	0,2	0
65,4	-3,371	-0,11	-1,34E-13	-0,0805	-0,003	-3,20E-15	0,2	0
65,45	-3,377	-0,094	0,471	-0,0806	-0,002	0,011	0,2	0
65,5	-3,38	-0,063	0,157	-0,0807	-0,002	0,004	0,2	0
65,55	-3,383	-0,079	-0,471	-0,0808	-0,002	-0,011	0,2	0
65,6	-3,388	-0,11	-0,157	-0,0809	-0,003	-0,004	0,2	0
65,65	-3,394	-0,094	0,314	-0,081	-0,002	0,007	0,2	0
65,7	-3,398	-0,079	0	-0,0811	-0,002	0	0,2	0
65,75	-3,402	-0,094	-0,157	-0,0812	-0,002	-0,004	0,2	0
65,8	-3,407	-0,094	-0,157	-0,0813	-0,002	-0,004	0,2	0
65,85	-3,412	-0,11	0,157	-0,0815	-0,003	0,004	0,2	0
65,9	-3,418	-0,079	0,471	-0,0816	-0,002	0,011	0,2	0
65,95	-3,42	-0,063	-0,314	-0,0816	-0,002	-0,008	0,2	0
66	-3,424	-0,11	-0,314	-0,0818	-0,003	-0,007	0,2	0
66,05	-3,431	-0,094	0,314	-0,0819	-0,002	0,008	0,2	0
66,1	-3,434	-0,079	0,157	-0,082	-0,002	0,004	0,2	0
66,15	-3,438	-0,079	-1,12E-13	-0,0821	-0,002	-2,67E-15	0,2	0
66,2	-3,442	-0,079	-0,314	-0,0822	-0,002	-0,008	0,2	0
66,25	-3,446	-0,11	-0,314	-0,0823	-0,003	-0,008	0,2	0
66,3	-3,453	-0,11	0,157	-0,0824	-0,003	0,004	0,2	0
66,35	-3,457	-0,094	0,157	-0,0825	-0,002	0,004	0,2	0
66,4	-3,462	-0,094	-1,34E-13	-0,0827	-0,002	-3,20E-15	0,2	0
66,45	-3,467	-0,094	-1,34E-13	-0,0828	-0,002	-3,20E-15	0,2	0
66,5	-3,471	-0,094	-0,157	-0,0829	-0,002	-0,004	0,2	0
66,55	-3,476	-0,11	-0,157	-0,083	-0,003	-0,004	0,2	0
66,6	-3,482	-0,11	-1,56E-13	-0,0831	-0,003	-3,73E-15	0,2	0
66,65	-3,487	-0,11	-0,157	-0,0833	-0,003	-0,004	0,2	0
66,7	-3,493	-0,126	0	-0,0834	-0,003	0	0,2	0
66,75	-3,5	-0,11	0,471	-0,0836	-0,003	0,011	0,2	0
66,8	-3,504	-0,079	0,157	-0,0837	-0,002	0,004	0,2	0
66,85	-3,508	-0,094	-0,314	-0,0837	-0,002	-0,008	0,2	0
66,9	-3,514	-0,11	-0,157	-0,0839	-0,003	-0,004	0,2	0
66,95	-3,519	-0,11	0,157	-0,084	-0,003	0,004	0,2	0
67	-3,525	-0,094	0,157	-0,0842	-0,002	0,004	0,2	0
67,05	-3,528	-0,094	-0,314	-0,0842	-0,002	-0,007	0,2	0
67,1	-3,534	-0,126	-1,34E-13	-0,0844	-0,003	-3,20E-15	0,2	0
67,15	-3,541	-0,094	0,471	-0,0845	-0,002	0,011	0,2	0
67,2	-3,544	-0,079	0,157	-0,0846	-0,002	0,004	0,2	0
67,25	-3,548	-0,079	0	-0,0847	-0,002	0	0,2	0
67,3	-3,552	-0,079	-0,314	-0,0848	-0,002	-0,007	0,2	0
67,35	-3,556	-0,11	1,56E-13	-0,0849	-0,003	4,05E-15	0,2	0
67,4	-3,563	-0,079	0,628	-0,0851	-0,002	0,015	0,2	0
67,45	-3,564	-0,047	0,157	-0,0851	-0,001	0,004	0,2	0
67,5	-3,567	-0,063	-0,471	-0,0852	-0,002	-0,011	0,2	0
67,55	-3,57	-0,094	-0,471	-0,0852	-0,002	-0,011	0,2	0
67,6	-3,577	-0,11	0,157	-0,0854	-0,003	0,004	0,2	0
67,65	-3,581	-0,079	0,471	-0,0855	-0,002	0,011	0,2	0
67,7	-3,585	-0,063	-0,157	-0,0856	-0,002	-0,004	0,2	0
67,75	-3,588	-0,094	-0,628	-0,0857	-0,002	-0,015	0,2	0
67,8	-3,594	-0,126	-0,157	-0,0858	-0,003	-0,004	0,2	0
67,85	-3,6	-0,11	-1,79E-13	-0,086	-0,003	-4,26E-15	0,2	0
67,9	-3,605	-0,126	-0,157	-0,0861	-0,003	-0,004	0,2	0
67,95	-3,613	-0,126	0,157	-0,0863	-0,003	0,004	0,2	0
68	-3,618	-0,11	0,314	-0,0864	-0,003	0,008	0,2	0
68,05	-3,624	-0,094	0,471	-0,0865	-0,002	0,011	0,2	0
68,1	-3,627	-0,063	0,157	-0,0866	-0,001	0,004	0,2	0
68,15	-3,63	-0,079	-0,471	-0,0867	-0,002	-0,011	0,2	0
68,2	-3,635	-0,11	-0,471	-0,0868	-0,003	-0,011	0,2	0
68,25	-3,641	-0,126	0,157	-0,0869	-0,003	0,004	0,2	0
68,3	-3,647	-0,094	0,785	-0,0871	-0,002	0,019	0,2	0
68,35	-3,651	-0,047	0,157	-0,0872	-0,001	0,004	0,2	0
68,4	-3,652	-0,079	-0,785	-0,0872	-0,002	-0,019	0,2	0
68,45	-3,658	-0,126	-0,314	-0,0873	-0,003	-0,008	0,2	0
68,5	-3,665	-0,11	0,314	-0,0875	-0,003	0,008	0,2	0
68,55	-3,669	-0,094	1,56E-13	-0,0876	-0,002	3,73E-15	0,2	0
68,6	-3,674	-0,11	-0,314	-0,0877	-0,003	-0,007	0,2	0
68,65	-3,68	-0,126	-0,157	-0,0879	-0,003	-0,004	0,2	0
68,7	-3,687	-0,126	0,157	-0,088	-0,003	0,004	0,2	0
68,75	-3,693	-0,11	1,79E-13	-0,0882	-0,003	4,26E-15	0,2	0
68,8	-3,698	-0,126	1,56E-13	-0,0883	-0,003	3,73E-15	0,2	0
68,85	-3,706	-0,11	0,628	-0,0885	-0,003	0,015	0,2	0
68,9	-3,709	-0,063	0,157	-0,0885	-0,002	0,004	0,2	0
68,95	-3,712	-0,094	-0,471	-0,0886	-0,002	-0,011	0,2	0
69	-3,718	-0,11	-0,314	-0,0888	-0,003	-0,007	0,2	0
69,05	-3,723	-0,126	1,56E-13	-0,0889	-0,003	3,73E-15	0,2	0
69,1	-3,731	-0,11	0,471	-0,0891	-0,003	0,011	0,2	0
69,15	-3,734	-0,079	-1,56E-13	-0,0891	-0,002	-3,73E-15	0,2	0
69,2	-3,738	-0,11	-0,471	-0,0893	-0,003	-0,011	0,2	0
69,25	-3,745	-0,126	0	-0,0894	-0,003	0	0,2	0
69,3	-3,751	-0,11	0,314	-0,0896	-0,003	0,008	0,2	0
69,35	-3,756	-0,094	1,56E-13	-0,0897	-0,002	3,73E-15	0,2	0
69,4	-3,76	-0,11	-0,471	-0,0898	-0,003	-0,011	0,2	0
69,45	-3,767	-0,141	-0,314	-0,0899	-0,003	-0,008	0,2	0
69,5	-3,775	-0,141	0,157	-0,0901	-0,003	0,004	0,2	0
69,55	-3,781	-0,126	0,157	-0,0903	-0,003	0,004	0,2	0
69,6	-3,787	-0,126	0,314	-0,0904	-0,003	0,007	0,2	0
69,65	-3,793	-0,094	0,314	-0,0906	-0,002	0,007	0,2	0
69,7	-3,797	-0,094	-0,314	-0,0906	-0,002	-0,008	0,2	0
69,75	-3,803	-0,126	-0,628	-0,0908	-0,003	-0,015	0,1	0
69,8	-3,809	-0,157	-0,157	-0,0909	-0,004	-0,004	0,1	0
69,85	-3,819	-0,141	0,471	-0,0912	-0,003	0,011	0,1	0
69,9	-3,823	-0,11	0,157	-0,0913	-0,003	0,004	0,1	0
69,95	-3,83	-0,126	0,157	-0,0914	-0,003	0,004	0,2	0
70	-3,836	-0,094	0,314	-0,0916	-0,002	0,008	0,2	0
70,05	-3,839	-0,094	-0,471	-0,0917	-0,002	-0,011	0,2	0
70,1	-3,845	-0,141	-0,628	-0,0918	-0,003	-0,015	0,2	0
70,15	-3,853	-0,157	-2,01E-13	-0,092	-0,004	-4,80E-15	0,2	0
70,2	-3,861	-0,141	0,157	-0,0922	-0,003	0,004	0,2	0
70,25	-3,867	-0,141	0,314	-0,0923	-0,003	0,008	0,2	0
70,3	-3,875	-0,11	0,471	-0,0925	-0,003	0,011	0,1	0
70,35	-3,878	-0,094	-0,157	-0,0926	-0,002	-0,004	0,1	0
70,4	-3,885	-0,126	-0,471	-0,0927	-0,003	-0,011	0,1	0
70,45	-3,891	-0,141	-0,157	-0,0929	-0,003	-0,004	0,1	0
70,5	-3,899	-0,141	0	-0,0931	-0,003	0	0,1	0
70,55	-3,905	-0,141	2,01E-13	-0,0932	-0,003	4,80E-15	0,1	0
70,6	-3,913	-0,141	0,314	-0,0934	-0,003	0,008	0,1	0
70,65	-3,919	-0,11	0,314	-0,0936	-0,003	0,007	0,1	0
70,7	-3,924	-0,11	-0,157	-0,0937	-0,003	-0,004	0,1	0
70,75	-3,93	-0,126	1,56E-13	-0,0938	-0,003	3,73E-15	0,1	0
70,8	-3,936	-0,11	0,314	-0,094	-0,003	0,008	0,1	0
70,85	-3,941	-0,094	-0,314	-0,0941	-0,002	-0,008	0,1	0
70,9	-3,946	-0,141	-0,314	-0,0942	-0,003	-0,008	0,1	0
70,95	-3,955	-0,126	0,471	-0,0944	-0,003	0,011	0,1	0
71	-3,958	-0,094	2,23E-13	-0,0945	-0,002	5,65E-15	0,1	0
71,05	-3,965	-0,126	-0,314	-0,0947	-0,003	-0,007	0,1	0
71,1	-3,971	-0,126	0,157	-0,0948	-0,003	0,004	0,1	0
71,15	-3,977	-0,11	0,314	-0,095	-0,003	0,007	0,1	0
71,2	-3,982	-0,094	-0,314	-0,0951	-0,002	-0,008	0,1	0
71,25	-3,987	-0,141	-0,471	-0,0952	-0,003	-0,011	0,1	0
71,3	-3,996	-0,141	0,314	-0,0954	-0,003	0,008	0,1	0
71,35	-4,001	-0,11	0,157	-0,0955	-0,003	0,004	0,1	0
71,4	-4,007	-0,126	-0,157	-0,0957	-0,003	-0,004	0,1	0
71,45	-4,013	-0,126	-1,79E-13	-0,0958	-0,003	-4,26E-15	0,1	0
71,5	-4,02	-0,126	1,79E-13	-0,096	-0,003	4,26E-15	0,1	0
71,55	-4,026	-0,126	-0,157	-0,0961	-0,003	-0,004	0,1	0
71,6	-4,032	-0,141	-8,97E-14	-0,0963	-0,003	-4,26E-15	0,1	0
71,65	-4,04	-0,126	0,314	-0,0965	-0,003	0,007	0,1	0
71,7	-4,045	-0,11	-8,88E-14	-0,0966	-0,003	0	0,1	0
71,75	-4,051	-0,126	-0,157	-0,0967	-0,003	-0,004	0,1	0
71,8	-4,057	-0,126	0,471	-0,0969	-0,003	0,011	0,1	0
71,85	-4,064	-0,079	0,471	-0,097	-0,002	0,011	0,1	0
71,9	-4,065	-0,079	-0,628	-0,0971	-0,002	-0,015	0,1	0
71,95	-4,072	-0,141	-0,471	-0,0972	-0,003	-0,011	0,1	0
72	-4,079	-0,126	0,314	-0,0974	-0,003	0,008	0,1	0
72,05	-4,084	-0,11	0,157	-0,0975	-0,003	0,004	0,1	0
72,1	-4,09	-0,11	-1,56E-13	-0,0977	-0,003	-3,73E-15	0,1	0
72,15	-4,095	-0,11	-0,314	-0,0978	-0,003	-0,008	0,1	0
72,2	-4,101	-0,141	-0,314	-0,0979	-0,003	-0,008	0,1	0
72,25	-4,109	-0,141	2,01E-13	-0,0981	-0,003	4,80E-15	0,1	0
72,3	-4,115	-0,141	0,157	-0,0983	-0,003	0,004	0,1	0
72,35	-4,123	-0,126	0,314	-0,0984	-0,003	0,007	0,1	0
72,4	-4,128	-0,11	-2,67E-13	-0,0986	-0,003	-4,26E-15	0,1	0
72,45	-4,134	-0,126	-0,157	-0,0987	-0,003	-0,004	0,1	0
72,5	-4,141	-0,126	1,79E-13	-0,0989	-0,003	4,26E-15	0,1	0
72,55	-4,147	-0,126	1,79E-13	-0,099	-0,003	4,26E-15	0,1	0
72,6	-4,153	-0,126	-1,79E-13	-0,0992	-0,003	-4,26E-15	0,1	0
72,65	-4,159	-0,126	0,314	-0,0993	-0,003	0,007	0,1	0
72,7	-4,166	-0,094	0,314	-0,0995	-0,002	0,008	0,1	0
72,75	-4,169	-0,094	-0,471	-0,0995	-0,002	-0,011	0,1	0
72,8	-4,175	-0,141	-0,471	-0,0997	-0,003	-0,011	0,1	0
72,85	-4,183	-0,141	0,628	-0,0999	-0,003	0,015	0,1	0
72,9	-4,189	-0,079	0,471	-0,1	-0,002	0,011	0,1	0
72,95	-4,191	-0,094	-0,785	-0,1001	-0,002	-0,019	0,1	0
73	-4,199	-0,157	-0,157	-0,1002	-0,004	-0,004	0,1	0
73,05	-4,207	-0,11	0,628	-0,1004	-0,003	0,015	0,1	0
73,1	-4,21	-0,094	-0,157	-0,1005	-0,002	-0,004	0,1	0
73,15	-4,216	-0,126	-0,314	-0,1007	-0,003	-0,008	0,1	0
73,2	-4,222	-0,126	0,157	-0,1008	-0,003	0,004	0,1	0
73,25	-4,229	-0,11	2,67E-13	-0,101	-0,003	4,26E-15	0,1	0
73,3	-4,233	-0,126	-0,314	-0,1011	-0,003	-0,007	0,1	0
73,35	-4,241	-0,141	0,157	-0,1013	-0,003	0,004	0,1	0
73,4	-4,247	-0,11	0,157	-0,1014	-0,003	0,004	0,1	0
73,45	-4,252	-0,126	-0,314	-0,1015	-0,003	-0,008	0,1	0
73,5	-4,26	-0,141	-8,88E-14	-0,1017	-0,003	0	0,1	0
73,55	-4,266	-0,126	0,314	-0,1019	-0,003	0,008	0,1	0
73,6	-4,273	-0,11	-0,157	-0,102	-0,003	-0,004	0,1	0
73,65	-4,277	-0,141	-0,314	-0,1021	-0,003	-0,008	0,1	0
73,7	-4,287	-0,141	0,628	-0,1023	-0,003	0,015	0,1	0
73,75	-4,291	-0,079	0,314	-0,1025	-0,002	0,008	0,1	0
73,8	-4,295	-0,11	-0,628	-0,1025	-0,003	-0,015	0,1	0
73,85	-4,302	-0,141	-0,157	-0,1027	-0,003	-0,004	0,1	0
73,9	-4,309	-0,126	0,471	-0,1029	-0,003	0,011	0,1	0
73,95	-4,315	-0,094	-8,97E-14	-0,103	-0,002	-5,65E-15	0,1	0
74	-4,318	-0,126	-0,471	-0,1031	-0,003	-0,011	0,1	0
74,05	-4,328	-0,141	0,471	-0,1033	-0,003	0,011	0,1	0
74,1	-4,332	-0,079	0,471	-0,1034	-0,002	0,011	0,1	0
74,15	-4,335	-0,094	-0,471	-0,1035	-0,002	-0,011	0,1	0
74,2	-4,342	-0,126	-0,471	-0,1037	-0,003	-0,011	0,1	0
74,25	-4,348	-0,141	0,157	-0,1038	-0,003	0,004	0,1	0
74,3	-4,356	-0,11	0,628	-0,104	-0,003	0,015	0,1	0
74,35	-4,359	-0,079	-0,157	-0,1041	-0,002	-0,004	0,1	0
74,4	-4,364	-0,126	-0,314	-0,1042	-0,003	-0,008	0,1	0
74,45	-4,372	-0,11	0,471	-0,1044	-0,003	0,011	0,1	0
74,5	-4,375	-0,079	-8,88E-14	-0,1044	-0,002	0	0,1	0
74,55	-4,379	-0,11	-0,471	-0,1046	-0,003	-0,011	0,1	0
74,6	-4,386	-0,126	-0,157	-0,1047	-0,003	-0,004	0,1	0
74,65	-4,392	-0,126	0,471	-0,1049	-0,003	0,011	0,1	0
74,7	-4,398	-0,079	0,314	-0,105	-0,002	0,007	0,1	0
74,75	-4,4	-0,094	-0,471	-0,105	-0,002	-0,011	0,1	0
74,8	-4,408	-0,126	1,34E-13	-0,1052	-0,003	1,81E-15	0,1	0
74,85	-4,412	-0,094	0,157	-0,1053	-0,002	0,004	0,1	0
74,9	-4,417	-0,11	-0,314	-0,1055	-0,003	-0,008	0,1	0
74,95	-4,423	-0,126	-0,157	-0,1056	-0,003	-0,004	0,1	0
75	-4,43	-0,126	0,157	-0,1058	-0,003	0,004	0,1	0
75,05	-4,436	-0,11	0,157	-0,1059	-0,003	0,004	0,1	0
75,1	-4,441	-0,11	-0,157	-0,106	-0,003	-0,004	0,1	0
75,15	-4,447	-0,126	0,157	-0,1062	-0,003	0,004	0,1	0
75,2	-4,453	-0,094	0,471	-0,1063	-0,002	0,011	0,1	0
75,25	-4,456	-0,079	-0,157	-0,1064	-0,002	-0,004	0,1	0
75,3	-4,461	-0,11	-0,628	-0,1065	-0,003	-0,015	0,1	0
75,35	-4,467	-0,141	-0,314	-0,1067	-0,003	-0,008	0,1	0
75,4	-4,475	-0,141	0,785	-0,1068	-0,003	0,019	0,1	0
75,45	-4,481	-0,063	0,785	-0,107	-0,002	0,019	0,1	0
75,5	-4,481	-0,063	-0,471	-0,107	-0,002	-0,011	0,1	0
75,55	-4,488	-0,11	-0,314	-0,1071	-0,003	-0,007	0,1	0
75,6	-4,492	-0,094	0,157	-0,1073	-0,002	0,004	0,1	0
75,65	-4,497	-0,094	-0,314	-0,1074	-0,002	-0,008	0,1	0
75,7	-4,502	-0,126	-0,471	-0,1075	-0,003	-0,011	0,1	0
75,75	-4,51	-0,141	8,97E-14	-0,1077	-0,003	4,26E-15	0,1	0
75,8	-4,516	-0,126	0,471	-0,1078	-0,003	0,011	0,1	0
75,85	-4,522	-0,094	0,157	-0,108	-0,002	0,004	0,1	0
75,9	-4,525	-0,11	-0,314	-0,108	-0,003	-0,008	0,1	0
75,95	-4,533	-0,126	0,314	-0,1082	-0,003	0,008	0,1	0
76	-4,538	-0,079	0,314	-0,1083	-0,002	0,008	0,1	0
76,05	-4,541	-0,094	-0,471	-0,1084	-0,002	-0,011	0,1	0
76,1	-4,547	-0,126	-0,471	-0,1086	-0,003	-0,011	0,1	0
76,15	-4,554	-0,141	-8,97E-14	-0,1087	-0,003	-4,26E-15	0,1	0
76,2	-4,562	-0,126	0,471	-0,1089	-0,003	0,011	0,1	0
76,25	-4,566	-0,094	0,157	-0,109	-0,002	0,004	0,1	0
76,3	-4,571	-0,11	1,34E-13	-0,1091	-0,003	3,20E-15	0,1	0
76,35	-4,577	-0,094	0,157	-0,1093	-0,002	0,004	0,1	0
76,4	-4,58	-0,094	-0,157	-0,1094	-0,002	-0,004	0,1	0
76,45	-4,587	-0,11	-0,157	-0,1095	-0,003	-0,004	0,1	0
76,5	-4,591	-0,11	0,157	-0,1096	-0,003	0,004	0,1	0
76,55	-4,598	-0,094	0,471	-0,1098	-0,002	0,011	0,1	0
76,6	-4,601	-0,063	0,471	-0,1098	-0,001	0,011	0,1	0
76,65	-4,604	-0,047	0,628	-0,1099	-0,001	0,015	0,1	0
76,7	-4,606	0	0,628	-0,11	0	0,015	0,1	0
76,75	-4,604	0,016	-0,314	-0,1099	3,75E-04	-0,007	0,1	0
76,8	-4,604	-0,031	-0,785	-0,1099	-7,50E-04	-0,019	0,1	0
76,85	-4,607	-0,063	-0,628	-0,11	-0,002	-0,015	0,1	0
76,9	-4,61	-0,094	-0,314	-0,1101	-0,002	-0,008	0,1	0
76,95	-4,617	-0,094	0,157	-0,1102	-0,002	0,004	0,1	0
77	-4,62	-0,079	-0,157	-0,1103	-0,002	-0,004	0,1	0
77,05	-4,624	-0,11	-0,471	-0,1104	-0,003	-0,011	0,1	0
77,1	-4,631	-0,126	-0,471	-0,1106	-0,003	-0,011	0,1	0
77,15	-4,637	-0,157	8,88E-14	-0,1107	-0,004	-1,39E-15	0,1	0
77,2	-4,646	-0,126	1,1	-0,1109	-0,003	0,026	0,1	0
77,25	-4,65	-0,047	0,157	-0,111	-0,001	0,004	0,1	0
77,3	-4,651	-0,11	-0,785	-0,111	-0,003	-0,019	0,1	0
77,35	-4,661	-0,126	0,314	-0,1113	-0,003	0,007	0,1	0
77,4	-4,664	-0,079	0,314	-0,1113	-0,002	0,008	0,1	0
77,45	-4,668	-0,094	-0,314	-0,1115	-0,002	-0,008	0,1	0
77,5	-4,673	-0,11	-0,314	-0,1116	-0,003	-0,007	0,1	0
77,55	-4,679	-0,126	1,56E-13	-0,1117	-0,003	3,73E-15	0,1	0
77,6	-4,686	-0,11	0,471	-0,1119	-0,003	0,011	0,1	0
77,65	-4,69	-0,079	0,157	-0,112	-0,002	0,004	0,1	0
77,7	-4,694	-0,094	-0,314	-0,1121	-0,002	-0,008	0,1	0
77,75	-4,7	-0,11	1,34E-13	-0,1122	-0,003	3,20E-15	0,1	0
77,8	-4,705	-0,094	0,157	-0,1123	-0,002	0,004	0,1	0
77,85	-4,709	-0,094	-0,157	-0,1124	-0,002	-0,004	0,1	0
77,9	-4,714	-0,11	-0,157	-0,1125	-0,003	-0,004	0,1	0
77,95	-4,72	-0,11	0,157	-0,1127	-0,003	0,004	0,1	0
78	-4,725	-0,094	0,471	-0,1128	-0,002	0,011	0,1	0
78,05	-4,73	-0,063	0,157	-0,1129	-0,001	0,004	0,1	0
78,1	-4,731	-0,079	-0,471	-0,113	-0,002	-0,011	0,1	0
78,15	-4,738	-0,11	-0,157	-0,1131	-0,003	-0,004	0,1	0
78,2	-4,742	-0,094	0,314	-0,1132	-0,002	0,008	0,1	0
78,25	-4,747	-0,079	1,34E-13	-0,1133	-0,002	3,20E-15	0,1	0
78,3	-4,75	-0,094	-0,314	-0,1134	-0,002	-0,007	0,1	0
78,35	-4,756	-0,11	-0,157	-0,1136	-0,003	-0,004	0,1	0
78,4	-4,761	-0,11	-1,56E-13	-0,1137	-0,003	-3,73E-15	0,1	0
78,45	-4,767	-0,11	0,314	-0,1138	-0,003	0,008	0,1	0
78,5	-4,772	-0,079	0,157	-0,1139	-0,002	0,004	0,1	0
78,55	-4,775	-0,094	-0,157	-0,114	-0,002	-0,004	0,1	0
78,6	-4,782	-0,094	0,314	-0,1142	-0,002	0,007	0,1	0
78,65	-4,785	-0,063	0	-0,1142	-0,002	0	0,1	0
78,7	-4,788	-0,094	-0,628	-0,1143	-0,002	-0,015	0,1	0
78,75	-4,794	-0,126	-0,314	-0,1145	-0,003	-0,007	0,1	0
78,8	-4,8	-0,126	-1,79E-13	-0,1146	-0,003	-4,26E-15	0,1	0
78,85	-4,807	-0,126	0,471	-0,1148	-0,003	0,011	0,1	0
78,9	-4,813	-0,079	0,471	-0,1149	-0,002	0,011	0,1	0
78,95	-4,814	-0,079	-0,314	-0,1149	-0,002	-0,007	0,1	0
79	-4,821	-0,11	-0,157	-0,1151	-0,003	-0,004	0,1	0
79,05	-4,825	-0,094	0,157	-0,1152	-0,002	0,004	0,1	0
79,1	-4,83	-0,094	-1,34E-13	-0,1153	-0,002	-3,20E-15	0,1	0
79,15	-4,835	-0,094	-0,157	-0,1154	-0,002	-0,004	0,1	0
79,2	-4,84	-0,11	-0,314	-0,1155	-0,003	-0,007	0,1	0
79,25	-4,846	-0,126	0,157	-0,1157	-0,003	0,004	0,1	0
79,3	-4,852	-0,094	0,314	-0,1158	-0,002	0,007	0,1	0
79,35	-4,855	-0,094	-0,157	-0,1159	-0,002	-0,004	0,1	0
79,4	-4,862	-0,11	0,157	-0,1161	-0,003	0,004	0,1	0
79,45	-4,866	-0,079	0,471	-0,1162	-0,002	0,011	0,1	0
79,5	-4,869	-0,063	-0,157	-0,1163	-0,002	-0,004	0,1	0
79,55	-4,873	-0,094	-0,628	-0,1163	-0,002	-0,015	0,1	0
79,6	-4,879	-0,126	-0,157	-0,1165	-0,003	-0,004	0,1	0
79,65	-4,885	-0,11	0,471	-0,1166	-0,003	0,011	0,1	0
79,7	-4,89	-0,079	0,314	-0,1167	-0,002	0,008	0,1	0
79,75	-4,893	-0,079	-0,314	-0,1168	-0,002	-0,007	0,1	0
79,8	-4,898	-0,11	-0,157	-0,1169	-0,003	-0,004	0,1	0
79,85	-4,904	-0,094	0,471	-0,1171	-0,002	0,011	0,1	0
79,9	-4,907	-0,063	0,157	-0,1172	-0,002	0,004	0,1	0
79,95	-4,91	-0,079	-0,471	-0,1172	-0,002	-0,011	0,1	0
80	-4,915	-0,11	-0,314	-0,1173	-0,003	-0,007	0,1	0
80,05	-4,921	-0,11	-1,56E-13	-0,1175	-0,003	-3,73E-15	0,1	0
80,1	-4,926	-0,11	0,314	-0,1176	-0,003	0,007	0,1	0
80,15	-4,932	-0,079	0,471	-0,1178	-0,002	0,011	0,1	0
80,2	-4,934	-0,063	-0,314	-0,1178	-0,002	-0,007	0,1	0
80,25	-4,939	-0,11	-0,314	-0,1179	-0,003	-0,007	0,1	0
80,3	-4,945	-0,094	0,471	-0,1181	-0,002	0,011	0,1	0
80,35	-4,948	-0,063	-1,34E-13	-0,1181	-0,002	-3,20E-15	0,1	0
80,4	-4,951	-0,094	-0,471	-0,1182	-0,002	-0,011	0,1	0
80,45	-4,957	-0,11	-0,157	-0,1184	-0,003	-0,004	0,1	0
80,5	-4,962	-0,11	-0,157	-0,1185	-0,003	-0,004	0,1	0
80,55	-4,968	-0,126	0,157	-0,1186	-0,003	0,004	0,1	0
80,6	-4,975	-0,094	0,314	-0,1188	-0,002	0,007	0,1	0
80,65	-4,978	-0,094	-0,157	-0,1188	-0,002	-0,004	0,1	0
80,7	-4,984	-0,11	0,157	-0,119	-0,003	0,004	0,1	0
80,75	-4,989	-0,079	0,471	-0,1191	-0,002	0,011	0,1	0
80,8	-4,992	-0,063	-0,314	-0,1192	-0,001	-0,007	0,1	0
80,85	-4,995	-0,11	-0,785	-0,1193	-0,003	-0,019	0,1	0
80,9	-5,003	-0,141	-0,157	-0,1194	-0,003	-0,004	0,1	0
80,95	-5,009	-0,126	0,471	-0,1196	-0,003	0,011	0,1	0
81	-5,016	-0,094	0,314	-0,1197	-0,002	0,008	0,1	0
81,05	-5,019	-0,094	-1,34E-13	-0,1198	-0,002	-3,20E-15	0,1	0
81,1	-5,025	-0,094	0,314	-0,12	-0,002	0,007	0,1	0
81,15	-5,028	-0,063	0	-0,12	-0,002	0	0,1	0
81,2	-5,031	-0,094	-0,628	-0,1201	-0,002	-0,015	0,1	0
81,25	-5,038	-0,126	-0,314	-0,1203	-0,003	-0,007	0,1	0
81,3	-5,044	-0,126	0,157	-0,1204	-0,003	0,004	0,1	0
81,35	-5,05	-0,11	0,628	-0,1206	-0,003	0,015	0,1	0
81,4	-5,055	-0,063	0,471	-0,1207	-0,002	0,011	0,1	0
81,45	-5,056	-0,063	-0,471	-0,1207	-0,002	-0,011	0,1	0
81,5	-5,061	-0,11	-0,314	-0,1208	-0,003	-0,007	0,1	0
81,55	-5,067	-0,094	0,314	-0,121	-0,002	0,007	0,1	0
81,6	-5,071	-0,079	-1,34E-13	-0,1211	-0,002	-3,20E-15	0,1	0
81,65	-5,075	-0,094	-0,314	-0,1212	-0,002	-0,008	0,1	0
81,7	-5,08	-0,11	-0,471	-0,1213	-0,003	-0,011	0,1	0
81,75	-5,086	-0,141	2,45E-13	-0,1214	-0,003	3,73E-15	0,1	0
81,8	-5,094	-0,11	0,471	-0,1216	-0,003	0,011	0,1	0
81,85	-5,097	-0,094	-2,45E-13	-0,1217	-0,002	-3,73E-15	0,1	0
81,9	-5,104	-0,11	0	-0,1218	-0,003	0	0,1	0
81,95	-5,108	-0,094	0,157	-0,122	-0,002	0,004	0,1	0
82	-5,113	-0,094	-0,157	-0,1221	-0,002	-0,004	0,1	0
82,05	-5,118	-0,11	-0,471	-0,1222	-0,003	-0,011	0,1	0
82,1	-5,124	-0,141	-0,157	-0,1223	-0,003	-0,004	0,1	0
82,15	-5,132	-0,126	0,628	-0,1225	-0,003	0,015	0,1	0
82,2	-5,137	-0,079	1,79E-13	-0,1226	-0,002	2,88E-15	0,1	0
82,25	-5,14	-0,126	-0,314	-0,1227	-0,003	-0,007	0,1	0
82,3	-5,149	-0,11	0,471	-0,1229	-0,003	0,011	0,1	0
82,35	-5,151	-0,079	-0,157	-0,123	-0,002	-0,004	0,1	0
82,4	-5,157	-0,126	-0,471	-0,1231	-0,003	-0,011	0,1	0
82,45	-5,163	-0,126	0	-0,1233	-0,003	0	0,1	0
82,5	-5,169	-0,126	0,628	-0,1234	-0,003	0,015	0,1	0
82,55	-5,176	-0,063	0,471	-0,1236	-0,001	0,011	0,1	0
82,6	-5,176	-0,079	-0,628	-0,1236	-0,002	-0,015	0,1	0
82,65	-5,184	-0,126	-0,157	-0,1238	-0,003	-0,004	0,1	0
82,7	-5,188	-0,094	0,157	-0,1239	-0,002	0,004	0,1	0
82,75	-5,193	-0,11	-0,314	-0,124	-0,003	-0,007	0,1	0
82,8	-5,199	-0,126	-1,56E-13	-0,1241	-0,003	-3,73E-15	0,1	0
82,85	-5,206	-0,11	0,628	-0,1243	-0,003	0,015	0,1	0
82,9	-5,21	-0,063	1,1	-0,1244	-0,002	0,026	0,1	0
82,95	-5,212	0	0,942	-0,1244	0	0,023	0,1	0
83	-5,21	0,031	0,157	-0,1244	7,50E-04	0,004	0,1	0
83,05	-5,209	0,016	-0,471	-0,1244	3,75E-04	-0,011	0,1	0
83,1	-5,209	-0,016	-0,471	-0,1244	-3,75E-04	-0,011	0,1	0
83,15	-5,21	-0,031	-0,314	-0,1244	-7,50E-04	-0,008	0,1	0
83,2	-5,212	-0,047	-0,471	-0,1244	-0,001	-0,011	0,1	0
83,25	-5,215	-0,079	-0,314	-0,1245	-0,002	-0,007	0,1	0
83,3	-5,22	-0,079	0,314	-0,1246	-0,002	0,007	0,1	0
83,35	-5,223	-0,047	0,314	-0,1247	-0,001	0,007	0,1	0
83,4	-5,224	-0,047	-0,471	-0,1247	-0,001	-0,011	0,1	0
83,45	-5,228	-0,094	-0,785	-0,1248	-0,002	-0,019	0,1	0
83,5	-5,234	-0,126	-0,471	-0,125	-0,003	-0,011	0,1	0
83,55	-5,24	-0,141	-0,157	-0,1251	-0,003	-0,004	0,1	0
83,6	-5,248	-0,141	0,471	-0,1253	-0,003	0,011	0,1	0
83,65	-5,254	-0,094	0,942	-0,1254	-0,002	0,023	0,1	0
83,7	-5,257	-0,047	0,157	-0,1255	-0,001	0,004	0,1	0
83,75	-5,259	-0,079	-0,628	-0,1256	-0,002	-0,015	0,1	0
83,8	-5,265	-0,11	-0,157	-0,1257	-0,003	-0,004	0,1	0
83,85	-5,27	-0,094	0,157	-0,1258	-0,002	0,004	0,1	0
83,9	-5,275	-0,094	0,157	-0,1259	-0,002	0,004	0,1	0
83,95	-5,279	-0,079	0,314	-0,126	-0,002	0,008	0,1	0
84	-5,283	-0,063	0,628	-0,1261	-0,001	0,015	0,1	0
84,05	-5,286	-0,016	1,1	-0,1262	-3,75E-04	0,026	0,1	0
84,1	-5,284	0,047	0,628	-0,1262	0,001	0,015	0,1	0
84,15	-5,281	0,047	-0,157	-0,1261	0,001	-0,004	0,1	0
84,2	-5,279	0,031	-0,471	-0,126	7,50E-04	-0,011	0,1	0
84,25	-5,278	0	-0,471	-0,126	0	-0,011	0,1	0
84,3	-5,279	-0,016	0	-0,126	-3,75E-04	0	0,1	0
84,35	-5,279	0	0,157	-0,126	0	0,004	0,1	0
84,4	-5,279	0	0	-0,126	0	0	0,1	0
84,45	-5,279	0	0	-0,126	0	0	0,1	0
84,5	-5,279	0	0	-0,126	0	0	0,1	0
84,55	-5,279	0	0	-0,126	0	0	0,1	0
84,6	-5,279	0	0	-0,126	0	0	0,1	0
84,65	-5,279	0	0	-0,126	0	0	0,1	0
84,7	-5,279	0	0	-0,126	0	0	0,1	0
84,75	-5,279	0	0	-0,126	0	0	0,1	0
84,8	-5,279	0	0	-0,126	0	0	0,1	0
84,85	-5,279	0	0	-0,126	0	0	0,1	0
84,9	-5,279	0	0	-0,126	0	0	0,1	0
84,95	-5,279	0	0	-0,126	0	0	0,1	0
85	-5,279	0	0	-0,126	0	0	0,1	0
85,05	-5,279	0	0	-0,126	0	0	0,1	0
85,1	-5,279	0	0	-0,126	0	0	0,1	0
85,15	-5,279	0	0	-0,126	0	0	0,1	0
85,2	-5,279	0	0	-0,126	0	0	0,1	0
85,25	-5,279	0	0	-0,126	0	0	0,1	0
85,3	-5,279	0	0	-0,126	0	0	0,1	0
85,35	-5,279	0	0	-0,126	0	0	0,1	0
85,4	-5,279	0	0	-0,126	0	0	0,1	0
85,45	-5,279	0	0	-0,126	0	0	0,1	0
85,5	-5,279	0	0	-0,126	0	0	0,1	0
85,55	-5,279	0	0	-0,126	0	0	0,1	0
85,6	-5,279	0	0	-0,126	0	0	0,1	0
85,65	-5,279	0	0	-0,126	0	0	0,1	0
85,7	-5,279	0	0	-0,126	0	0	0,1	0
85,75	-5,279	0	0	-0,126	0	0	0,1	0
85,8	-5,279	0	0	-0,126	0	0	0,1	0
85,85	-5,279	0	0	-0,126	0	0	0,1	0
85,9	-5,279	0	0	-0,126	0	0	0,1	0
85,95	-5,279	0	0	-0,126	0	0	0,1	0
86	-5,279	0	0	-0,126	0	0	0,1	0
86,05	-5,279	0	0	-0,126	0	0	0,1	0
86,1	-5,279	0	0	-0,126	0	0	0,1	0
86,15	-5,279	0	0	-0,126	0	0	0,1	0
86,2	-5,279	0	0	-0,126	0	0	0,1	0
86,25	-5,279	0	0	-0,126	0	0	0,1	0
86,3	-5,279	0	0	-0,126	0	0	0,1	0
86,35	-5,279	0	0	-0,126	0	0	0,1	0
86,4	-5,279	0	0	-0,126	0	0	0,1	0
86,45	-5,279	0	0	-0,126	0	0	0,1	0
86,5	-5,279	0	0	-0,126	0	0	0,1	0
86,55	-5,279	0	0	-0,126	0	0	0,1	0
86,6	-5,279	0	0	-0,126	0	0	0,1	0
86,65	-5,279	0	0	-0,126	0	0	0,1	0
86,7	-5,279	0	0	-0,126	0	0	0,1	0
86,75	-5,279	0	0	-0,126	0	0	0,1	0
86,8	-5,279	0	0	-0,126	0	0	0,1	0
86,85	-5,279	0	0	-0,126	0	0	0,1	0
86,9	-5,279	0	0	-0,126	0	0	0,1	0
86,95	-5,279	0	0	-0,126	0	0	0,1	0
87	-5,279	0	0	-0,126	0	0	0,1	0
87,05	-5,279	0	0	-0,126	0	0	0,1	0
87,1	-5,279	0	0	-0,126	0	0	0,1	0
87,15	-5,279	0	0	-0,126	0	0	0,1	0
87,2	-5,279	0	0	-0,126	0	0	0,1	0
87,25	-5,279	0	0	-0,126	0	0	0,1	0
87,3	-5,279	0	0	-0,126	0	0	0,1	0
87,35	-5,279	0	0	-0,126	0	0	0,1	0
87,4	-5,279	0	0	-0,126	0	0	0,1	0
87,45	-5,279	0	0	-0,126	0	0	0,1	0
87,5	-5,279	0	0	-0,126	0	0	0,1	0
87,55	-5,279	0	0	-0,126	0	0	0,1	0
87,6	-5,279	0	0	-0,126	0	0	0,1	0
87,65	-5,279	0	0	-0,126	0	0	0,1	0
87,7	-5,279	0	0	-0,126	0	0	0,1	0
87,75	-5,279	0	0	-0,126	0	0	0,1	0
87,8	-5,279	0	0	-0,126	0	0	0,1	0
87,85	-5,279	0	0	-0,126	0	0	0,1	0
87,9	-5,279	0	0	-0,126	0	0	0,1	0
87,95	-5,279	0	0	-0,126	0	0	0,1	0
88	-5,279	0	0	-0,126	0	0	0,1	0
88,05	-5,279	0	0	-0,126	0	0	0,1	0
88,1	-5,279	0	0	-0,126	0	0	0,1	0
88,15	-5,279	0	0	-0,126	0	0	0,1	0
88,2	-5,279	0	0	-0,126	0	0	0,1	0
88,25	-5,279	0	0	-0,126	0	0	0,1	0
88,3	-5,279	0	0	-0,126	0	0	0,1	0
88,35	-5,279	0	0	-0,126	0	0	0,1	0
88,4	-5,279	0	0	-0,126	0	0	0,1	0
88,45	-5,279	0	0	-0,126	0	0	0,1	0
88,5	-5,279	0	0	-0,126	0	0	0,1	0
88,55	-5,279	0	0	-0,126	0	0	0,1	0
88,6	-5,279	0	0	-0,126	0	0	0,1	0
88,65	-5,279	0	0	-0,126	0	0	0,1	0
88,7	-5,279	0	0	-0,126	0	0	0,1	0
88,75	-5,279	0	0	-0,126	0	0	0,1	0
88,8	-5,279	0	0	-0,126	0	0	0,1	0
88,85	-5,279	0	0	-0,126	0	0	0,1	0
88,9	-5,279	0		-0,126	0		0,1	0
